exit,signal,entry,G1,G1_rel,G1_n,G2,G2_rel,G2_n,G3,G3_rel,G3_n,G4,G4_rel,G4_n,n_long,n_short,Long book,Short book,Book 18L/18S,worst_pos,SPY,EW_universe,Momentum L/S,MeanRev L/S,All 4 combined,Longs only (G1+G3)
2018-06-25,2018-06-01,2018-06-04,-0.03359539782597968,,9,-0.03462116552782968,,5,0.008778777119645111,,7,0.014166706503214277,0.0003318791374161874,6,16,11,-0.013383730033127853,-0.004894754923325707,-0.00913924247822678,-0.10480612979889115,-0.009760358409683922,0.0011975976713435627,-0.034108281676904675,0.011472741811429694,-0.01131776993273749,-0.012408310353167284
2018-07-17,2018-06-22,2018-06-25,0.028869080351874805,-0.0014247834476838353,7,-0.01658247853780872,0.01955206731596868,5,0.022593919902285525,-0.00529922612793704,6,-0.004250415072242059,0.028474388809281534,9,13,14,0.018758171215379822,-0.00673145157440123,0.006013359820489296,-0.1082347631245959,0.034944873929200204,0.02979611289705315,0.006143300907033043,0.009171752415021732,0.007657526661027389,0.025731500127080163
2018-08-07,2018-07-16,2018-07-17,0.017658604065062172,0.012578313451515333,8,-0.014374976581347657,-0.007656991430338582,6,0.07172735400990268,0.055252024284351144,5,-0.02693688680585003,-0.004421003055324724,6,13,12,0.02777253347611171,-0.013770621129065895,0.007000956173522908,-0.11787430392291331,0.018218988843101025,0.018749060490952804,0.0016418137418572577,0.022395233602026325,0.01201852367194179,0.04469297903748243
2018-08-28,2018-08-06,2018-08-07,0.04442485012666415,0.03735548845942438,8,0.007441736393876067,0.020567234919076655,7,0.0008008828580846894,-0.013969435538172953,4,-0.020099251515481323,-0.00958922208212872,9,12,16,0.019922351802536223,-0.00715561716012219,0.006383367321207017,-0.07285565595721133,0.015197449599757551,0.01133881032452024,0.02593329326027011,-0.009649184328698317,0.008142054465785897,0.02261286649237442
2018-09-19,2018-08-27,2018-08-28,0.04675425318961876,0.04411895027125598,9,0.0039062312876667984,0.015374890100829633,6,0.0033940106112154258,0.0029532289908636767,5,-0.036635839606327714,-0.029972813226071676,8,14,14,0.024319907320147,-0.014980518284701162,0.0046696945177229195,-0.09430120028652333,0.004484201781929098,0.011449774088303596,0.02533024223864278,-0.016620914497556143,0.004354663870543318,0.025074131900417095
2018-10-10,2018-09-18,2018-09-19,-0.05580413957622795,-0.018010587833174403,9,0.039592591163243464,-0.0007398713372886366,7,-0.05083253007001069,0.017122325133586202,5,0.0228910669853694,-0.00892597941792625,8,14,15,-0.042022217029783614,0.025570926334758857,-0.008225645347512378,-0.20097466410251208,-0.040039243143869974,-0.034882668841681265,-0.008105774206492243,-0.013970731542320647,-0.011038252874406445,-0.05331833482311932
2018-10-31,2018-10-09,2018-10-10,-0.09193591400230666,-0.06213459020702224,9,0.019268251246467766,-0.0009832891730481481,6,0.03214422466283482,0.05840893693707847,6,0.007421360545025858,-0.018379963250258553,9,15,15,-0.035253215446875055,0.010133430688002185,-0.012559892379436435,-0.2414576825570821,-0.027560343930942977,-0.029210777745127675,-0.03633383137791945,0.01978279260393034,-0.008275519386994555,-0.02989584466973592
2018-11-21,2018-10-30,2018-10-31,0.012138180150457006,0.025912190860978207,4,-0.007884930200440773,-0.0157313476454128,8,-0.01320724067301658,0.008024120960152037,7,-0.042360532699843544,-0.03921008217715081,5,11,13,-0.002438775783849335,-0.015271228061263551,-0.008855001922556442,-0.15402490802784796,-0.02072940951570379,-0.015301132128826472,0.0021266249750081165,-0.027783886686430063,-0.012828630855710973,-0.0005345302612797869
2018-12-14,2018-11-20,2018-11-21,0.019211227385769664,0.020062015113579412,4,-0.031876286117230854,-0.03781560751493469,8,-0.017524740152601342,-0.003983005957111405,9,-0.022189338481660364,-0.020691176607453326,6,13,14,-0.004493208435018523,-0.02156368443487828,-0.013028446434948401,-0.1652015533946284,-0.017168643716085064,-0.006389867550505411,-0.006332529365730595,-0.019857039317130853,-0.013094784341430724,0.0008432436165841609
2019-01-08,2018-12-13,2018-12-14,-0.040070101024034105,-0.02329963393079107,4,-0.040366945319743,-0.04288769529086313,8,0.050144712975961264,0.06263452503538561,9,0.027449360490683822,0.013788958511556038,7,13,15,0.01616788959375083,-0.007266113284619846,0.004450888154565492,-0.3268750306463848,-0.00844836244263969,-0.00439380742314026,-0.04021852317188855,0.03879703673332254,-0.0007107432192830039,0.00503730597596358
2019-01-30,2019-01-07,2019-01-08,-0.026569916733581,-0.059520172162616514,1,-0.055365525418087994,-0.017086156730301606,5,0.05203730776953429,0.020257255301591122,9,-0.03845481392023128,-0.02001193849747307,3,10,8,0.0245425473995682,-0.021788448269507432,0.0013770495650303836,-0.22352613718131475,0.042100075850353136,0.04014342495676549,-0.0409677210758345,0.0067912469246515055,-0.017088237075591498,0.012733695517976644
2019-02-21,2019-01-29,2019-01-30,0.053425301955778756,0.01904635753845689,8,-0.05245020133905931,-0.025820390771949753,2,0.04385067012884885,0.006905623346588236,9,-0.048041808730422325,-0.0052437088957595634,8,17,10,0.04566991371143721,-0.027179715140083178,0.009245099285677015,-0.14829631929299159,0.03677389200645531,0.04804254769077069,0.00048755030835972296,-0.0020955693007867378,-0.0008040094962135074,0.0486379860423138
2019-03-14,2019-02-20,2019-02-21,-0.005203603821105666,-0.013710924878402815,9,0.006564610015896893,0.019291472624469647,4,0.006715187859622589,0.008712074573413978,3,-0.010038641833985482,0.00246867922331167,9,12,13,-0.0014826039339490683,-0.003560518691237876,-0.0025215613125934722,-0.057257497084646225,0.013481210808982347,0.006164979857562754,0.0006805030973956135,-0.0016617269871814465,-0.0004906119448929167,0.0007557920192584615
2019-04-04,2019-03-13,2019-03-14,0.03759692746957982,0.014226099395216532,8,-0.022446239566010513,-0.0014575977710672798,3,-0.020039605312557284,-0.04352755475834409,5,-0.020482840805139697,0.007866899738244393,9,13,12,0.011143188510769564,-0.013982460330238268,-0.001419635909734352,-0.07849338612944634,0.025910578878926893,0.023981854989873846,0.007575343951784655,-0.02026122305884849,-0.006342939553531918,0.008778661078511269
2019-04-26,2019-04-03,2019-04-04,-0.007676473048248936,-0.02528953951359965,8,-0.013943384746989232,0.006803304298813706,3,-0.04845550550501905,-0.046439728725046515,5,-0.0012924766798338735,0.015271453079792878,9,13,12,-0.016871628439504818,-0.0029701357977484754,-0.009920882118626646,-0.12389108944847904,0.02169374699741966,0.0147162541187556,-0.010809928897619083,-0.02487399109242646,-0.01784195999502277,-0.028065989276633993
2019-05-17,2019-04-25,2019-04-26,-0.022133416572538533,0.0075435333621072685,5,0.02433285221504392,-0.0006896745920247994,7,-0.009152537755056044,0.015255564093279972,5,-0.004124294900770215,-0.025492904004389097,9,10,16,-0.008690542868776272,0.007400628411020861,-0.0006449572288777057,-0.10453459213965732,-0.025800167243291594,-0.021428999089122564,0.0010997178212526926,-0.00663841632791313,-0.0027693492533302187,-0.01564297716379729
2019-06-10,2019-05-16,2019-05-17,-0.010842342987374218,-0.019133887752532646,7,-0.03112827481250688,-0.02154991864659908,8,-0.025079938949707406,-0.038422328475208295,8,-0.022833846955790906,-0.013220493061704872,7,15,15,-0.015363106250515488,-0.022714618177255078,-0.01903886221388528,-0.23701213992079118,0.01095061188394686,0.009378634313525975,-0.020985308899940547,-0.023956892952749158,-0.022471100926344852,-0.01796114096854081
2019-07-01,2019-06-07,2019-06-10,0.0053017913917045205,-0.017926763125887757,6,-0.041415996856612,-0.011044853017278136,7,0.0702341884584281,0.04410061277759453,8,-0.02449592067667487,0.0052106262408767095,9,14,16,0.03298245866764733,-0.028354181338130988,0.0023141386647581724,-0.11235397501626898,0.028126943048222053,0.031801256265402894,-0.01805710273245374,0.022869133890876615,0.0024060155792114393,0.03776798992506631
2019-07-23,2019-06-28,2019-07-01,0.031232164461957233,0.019270782787822398,7,0.025786594635088745,0.032165349304080396,5,0.04062560118086154,0.026145740249881994,6,-0.005522074131806091,0.007812347337760249,9,13,14,0.025687708795492772,0.004401905888288272,0.015044807341890523,-0.057487241856240545,0.014780476064957249,0.01123702390723669,0.02850937954852299,0.017551763524527725,0.023030571536525355,0.03592888282140939
2019-08-13,2019-07-22,2019-07-23,0.009689366665333904,0.033071259274221124,8,-0.037481069904694644,-0.042218200229770055,5,-0.07180734284718514,-0.04461528660935891,7,0.02305713007029247,0.0014927526365232893,9,15,14,-0.023618692589312484,0.0011171567282866118,-0.011250767930512936,-0.10910835009805697,-0.02493068629322137,-0.024399894344804315,-0.01389585161968037,-0.024375106388446335,-0.01913547900406335,-0.031058988090925617
2019-09-04,2019-08-12,2019-08-13,0.057228012663226635,0.041888524203207655,4,0.025882133691119674,0.03569602047934931,6,-0.06494515643185332,-0.07086711980447194,9,-0.01661264135260673,-0.003048491072498795,7,13,13,-0.019755242068542962,0.002166906259915052,-0.008794167904313956,-0.37132169201579246,0.005093169183813195,0.006089808977926119,0.041555073177173156,-0.04077889889223003,0.00038808714247156543,-0.003858571884313343
2019-09-25,2019-09-03,2019-09-04,-0.06972805034253304,-0.07953423629612894,4,-0.010497545742451394,0.010719742722772577,6,0.04622866043170662,0.02992517276983886,8,0.0035871022615592153,0.022851239804473136,9,12,15,0.0050509490046400434,-0.001705630783370857,0.0016726591106345932,-0.16781041193383728,0.016849370428828836,0.018961512659743347,-0.040112798042492216,0.024907881346632917,-0.00760245834792965,-0.011749694955413212
2019-10-16,2019-09-24,2019-09-25,-0.004707089493982375,0.007985291015119666,5,-0.03906556676242001,-0.030377716166358953,4,-0.03107713706234927,-0.023712644633140784,9,-0.0063178663888801495,-0.00968235881808863,9,14,13,-0.016846093390614183,-0.011840170252755633,-0.014343131821684908,-0.2703381101216378,0.0026208881396283523,-0.008609411775805242,-0.021886328128201193,-0.01869750172561471,-0.020291914926907954,-0.01789211327816582
2019-11-06,2019-10-15,2019-10-16,0.01044067170812202,0.021739472954369288,1,0.009264281916770579,0.042909134055479956,5,0.02298641486917847,0.0008521729205694692,9,-0.02915573213674226,-0.003021490188133259,9,10,14,0.012073244751707124,-0.012004454424823749,3.43951634416877e-05,-0.12856881636385764,0.02915554972824852,0.02556833358804345,0.0098524768124463,-0.0030846586337818956,0.0033839090893322023,0.016713543288650243
2019-11-27,2019-11-05,2019-11-06,0.03392313855104596,0.014494918731538757,7,-0.05503580872855127,-0.033111174834602596,5,0.05279060677597954,0.03234592547144038,7,-0.02053225422495491,0.0014073269583957998,9,14,14,0.03372201207162103,-0.025553851759297252,0.004084080156161889,-0.1674443750839183,0.02728765084406337,0.026558016497620924,-0.010556335088752658,0.016129176275512316,0.002786420593379829,0.04335687266351275
2019-12-19,2019-11-26,2019-11-27,0.05151327506714777,0.0366771718156961,8,-0.03952573556351,-0.021674998914935295,6,0.09460042811023629,0.075889604139834,7,-0.005698538126358496,0.012237531501593762,8,15,14,0.059683844294935354,-0.015707928799551556,0.021987957747691897,-0.17970413038695776,0.017179835871382387,0.027741706855088852,0.005993769751818884,0.0444509449919389,0.025222357371878893,0.07305685158869203
2020-01-13,2019-12-18,2019-12-19,0.062069269074589574,0.044236076791783686,9,-0.02018005771428207,-0.005235159804464762,3,-0.007652984852297484,-0.018744044240772428,5,-0.014496402647020111,0.00733678963578578,9,14,12,0.028908805411656597,-0.010611544275890401,0.009148630567883098,-0.07216072871463974,0.026994322461246556,0.016876516690867243,0.02094460568015375,-0.011074693749658797,0.004934955965247477,0.027208142111146045
2020-02-04,2020-01-10,2020-01-13,0.06309200774351048,0.06870503290594498,9,0.07838693888606241,0.05410265944304895,5,0.06133157793910679,0.07626469933592833,4,-0.009814022453121615,-0.010905228686748744,8,13,13,0.045175243413778966,0.017412361933629952,0.03129380267370446,-0.15945467742607955,0.003384447323436346,-0.003673553007303095,0.07073947331478644,0.025758777742992588,0.04824912552888952,0.062211792841308636
2020-02-26,2020-02-03,2020-02-04,-0.028126769019165387,0.022156395069098236,8,0.10596078996361238,0.05485599483898069,7,-0.09140658765548629,-0.03127196491506366,8,0.036862632702185164,-0.009420531386078457,8,16,15,-0.05312593629984519,0.05759036618682044,0.0022322149434876246,-0.3042034751883612,-0.05336396906765917,-0.058894877721020235,0.0389170104722235,-0.027271977476650562,0.005822516497786468,-0.05976667833732584
2020-03-18,2020-02-25,2020-02-26,-0.18129181116724438,0.016141392345660827,7,0.11829341054917468,-0.13272053783031873,7,-0.27955380805829577,-0.03669820069908192,9,0.22273257703885815,0.03891685094571107,3,16,10,-0.2102792750386318,0.08312508916448873,-0.06357709293707153,-0.7540159040142562,-0.22953457606708905,-0.26747303255519944,-0.03149920030903485,-0.02841061550971881,-0.029954907909376834,-0.23042280961277006
2020-04-08,2020-03-17,2020-03-18,0.0938159177172363,-0.1979565970214754,2,-0.2710679710971364,-0.056417845920272436,4,0.4806556187403815,0.31253499196095536,9,-0.006573276602574007,0.07918203747110919,2,11,6,0.2507518002276614,-0.060967690977427415,0.094892054625117,-0.4533433990056066,0.14850567218827582,0.22427099512008702,-0.08862602668995004,0.23704117106890374,0.07420757218947685,0.2872357682288089
2020-04-30,2020-04-07,2020-04-08,0.11406384998754848,0.043526082401376565,2,-0.056054178161672796,-0.0017214094712854067,1,0.16032766644803856,0.10432254524544497,9,-0.17805448138262925,-0.09208865769982855,2,11,3,0.09283759433374689,-0.022897952273718405,0.03496982103001424,-0.347940600738728,0.06003004025559844,0.06662185110204565,0.029004835912937843,-0.008863407467295345,0.010070714222821249,0.1371957582177935
2020-05-21,2020-04-29,2020-04-30,0.03973763684826511,0.016683744468396187,7,0.0,0.0,0,0.0464909381316538,0.03227499828769339,9,0.015633621220013216,0.040982824064888596,4,16,4,0.038698994506818886,0.003474138048891826,0.021086566277855354,-0.12700008662694762,0.015147515659941435,0.020142109054046103,0.019868818424132555,0.03106227967583351,0.025465549049983032,0.043114287489959456
2020-06-12,2020-05-20,2020-05-21,0.07220658214313422,0.04461900641517527,4,-0.006783458020048981,-0.022990979355936303,1,0.1582555103613334,0.13015972044928595,9,0.0015754652204221047,0.033671255132469574,9,13,10,0.09517366232358541,0.0004108738313194422,0.047792268077452425,-0.0712758723066762,0.03163952877735743,0.03793571614906638,0.03271156206154262,0.07991548779087775,0.05631352492621018,0.1152310462522338
2020-07-06,2020-06-11,2020-06-12,0.04451579321830296,0.00935726974186866,6,0.012612242596610165,0.04956795382279422,3,-0.04711461357662125,-0.07731039078513224,9,-0.0674078655807997,-0.03750096283863624,1,15,4,-0.008718709048876307,-0.001642840988387178,-0.005180775018631742,-0.18441264304727223,0.04679408094822768,0.024642614875141276,0.028564017907456562,-0.057261239578710474,-0.014348610835626956,-0.0012994101791591467
2020-07-27,2020-07-02,2020-07-06,0.018371185370151605,-0.009458792973122989,7,-0.0524834902718071,-0.028868304620156937,4,0.018384956665894594,-0.009791477551646962,9,-0.03284372712849404,0.0019293979087062023,6,16,10,0.016336828199117366,-0.022610906881010702,-0.003137039340946668,-0.29357301966140636,0.019460560843709063,0.026990658333044724,-0.017056152450827748,-0.007229385231299722,-0.012142768841063734,0.0183780710180231
2020-08-17,2020-07-24,2020-07-27,0.09754106938528138,0.04994683216968585,6,0.027525326227904878,0.043094265873890925,2,0.07580307659628668,0.040482160594203204,9,-0.020514134192873304,0.022073778630319854,8,15,10,0.07041522809323714,-0.006059023393732038,0.032178102349752546,-0.07985478873391316,0.045448934584553236,0.04387638536366977,0.06253319780659314,0.02764447120170669,0.04508883450414991,0.08667207299078403
2020-09-08,2020-08-14,2020-08-17,-0.059874664952552184,-0.036422694872178515,8,0.027340538130218667,-0.014122699844679426,4,0.025895663778360976,0.052282391649087274,7,0.013994523099859355,-0.005395635392480348,9,15,13,-0.016540426287327256,0.01307293668997827,-0.0017337447986744935,-0.16617911220295545,-0.013909100221929815,-0.020039406509345874,-0.01626706341116676,0.019945093439110165,0.0018390150139717034,-0.016989500587095606
2020-09-29,2020-09-04,2020-09-08,0.0015211989063660392,0.009242255397338263,9,-0.011554822064255598,-0.0203110178315437,5,0.014819063559708653,0.02255872935113577,6,-0.004956403366773799,-0.0013386894476568997,7,15,12,0.005700287306419237,-0.005137162993816367,0.0002815621563014353,-0.18701019657997697,0.0014722527660693263,-0.0022153817503681884,-0.00501681157894478,0.004931330096467427,-4.274074123867622e-05,0.008170131233037347
2020-10-20,2020-09-28,2020-09-29,0.03728697882543667,0.004384576652467091,6,-0.00021148580741041367,0.030428905807919085,8,0.056640832222226684,0.021001876931428104,8,-0.05785136311172494,-0.016029414043822285,8,14,16,0.03760269615169075,-0.025805710630726824,0.005898492760481962,-0.10835047414271037,0.033125720385140056,0.038680290967891766,0.018537746509013128,-0.0006052654447491271,0.008966240532132002,0.04696390552383167
2020-11-10,2020-10-19,2020-10-20,0.02815912319546489,-0.0028816962967855297,8,-0.1016234286523899,-0.027003242149677153,5,0.12250647792505481,0.07852006712270619,8,-0.006625072805518146,0.026387464884252556,7,16,12,0.06696248938689764,-0.03080514738336536,0.01807867100176614,-0.29640920469290744,0.03104429190185387,0.06397635505319435,-0.0367321527284625,0.05794070255976833,0.010604274915652915,0.07533280056025984
2020-12-02,2020-11-09,2020-11-10,0.10755649884944425,0.0754045337762576,6,-0.01732442009881598,0.027064217238550552,7,0.03125222901278013,0.0015384212289840044,9,-0.050704328902507055,-0.016990521118710925,9,15,16,0.05147828078953815,-0.032089438934126406,0.009694420927705873,-0.2605035796061381,0.03601298704939948,0.05139221862238203,0.04511603937531414,-0.009726049944863462,0.017694994715225336,0.06940436393111218
2020-12-23,2020-12-01,2020-12-02,0.018510726067599997,0.019007661243784044,9,-0.0070667835276451135,-5.21686899688234e-05,2,-0.014062535068702253,-0.011326817292658553,6,0.013783634691102378,0.014719458000395536,7,15,9,0.00456785134423258,0.004575104210134801,0.004571477777183691,-0.06160740421522992,0.006397975683849477,0.006199543531142351,0.005721971269977442,-0.00013945018879993765,0.002791260540588752,0.0022240954994488717
2021-01-15,2020-12-22,2020-12-23,0.08165592302629399,0.05142360700269208,8,-0.08925691940286411,-0.05840344610233087,6,0.0239174032309535,-0.005554652124990456,6,-0.019526773677195797,0.008448392388706316,6,14,12,0.04426398908867071,-0.03626123102668663,0.004001379030992042,-0.3057348373798867,0.022118387099202996,0.04421618125619732,-0.0038004981882850605,0.0021953147768788515,-0.0008025917057031045,0.05278666312862374
2021-02-08,2021-01-14,2021-01-15,0.05588945950230509,0.030655885309301745,9,-0.020850671225970792,0.013125923429211721,7,0.015867871399602607,0.00222163065629305,4,0.0007527869035353262,0.01952609860682497,6,13,13,0.03147092339550868,-0.0078576653978102,0.011806628998849239,-0.07989037774897545,0.039419782890393495,0.02175654239600636,0.01751939413816715,0.008310329151568966,0.012914861644868058,0.03587866545095385
2021-03-02,2021-02-05,2021-02-08,-0.028169238910712657,-0.024318996710288737,9,-0.0009421487829556624,-0.0050765904146881785,8,0.11393194102244697,0.13120246351970652,4,-0.018102148033827908,-0.01919626454433765,7,13,15,0.011233589660742997,-0.007458457027802259,0.0018875663164703693,-0.32294313286225784,-0.010166038889663276,0.009196419789756482,-0.01455569384683416,0.04791489649430953,0.016679601323737685,0.042881351055867156
2021-03-23,2021-03-01,2021-03-02,-0.04996237715241972,-0.0632997671329849,8,0.004203499848863891,0.031413002505462514,7,0.07613592680795263,0.04450060692739958,6,-0.012286405602455102,0.00466297515532353,7,14,14,0.0031731413126865585,-0.003143352237507693,1.489453758943271e-05,-0.10582384912143294,0.010957889898935536,0.01742709798341316,-0.022879438651777915,0.031924760602748764,0.004522660975485425,0.013086774827766455
2021-04-14,2021-03-22,2021-03-23,0.05823940128336905,0.013264290629444096,9,-0.03544044923875957,0.009086289573477188,7,0.038844614401972156,-0.00038244386859429544,5,-0.02788007252044184,0.01970616096751002,7,14,14,0.03990987130889901,-0.024624647350800548,0.007642611979049231,-0.09223982912379047,0.05635426389968212,0.04570964101119405,0.01139947602230474,0.005482270940765158,0.008440873481534949,0.0485420078426706
2021-05-05,2021-04-13,2021-04-14,0.03892904471724463,0.02121454815057057,9,-0.002243835269247794,0.018999969992522132,7,0.05250138283658057,-0.012770581910115375,2,-0.03397699631725734,-0.018006163868311997,8,11,15,0.025298009340464597,-0.01597348985682185,0.004662259741821374,-0.14603742508097217,0.010450753807789592,0.017689117258185956,0.018342604723998415,0.009262193259661614,0.013802398991830014,0.045715213776912594
2021-05-26,2021-05-04,2021-05-05,0.0073676978626739074,0.004599951519660787,9,-0.047230521944290865,-0.04041732446057887,8,0.014667544387142462,0.009442989985948391,2,0.009622352636891401,0.015007793760735896,8,11,16,0.005313576085463894,-0.016714741914399762,-0.005700582914467935,-0.1992439858716839,0.007985754585402738,0.009703724314473918,-0.019931412040808477,0.012144948512016931,-0.003893231764395773,0.011017621124908185
2021-06-17,2021-05-25,2021-05-26,-0.004174862035250871,-0.003633616950477641,9,-0.04441866292744495,-0.0341568890390047,8,0.023777569458148868,0.02863591622112016,3,-8.555995274925343e-05,0.003062465823496077,8,12,16,0.0018754972253993757,-0.019779654613419646,-0.008952078694010135,-0.12036732429122221,0.006919892976125164,0.0023453092894218405,-0.024296762481347912,0.011846004752699807,-0.006225378864324053,0.009801353711449
2021-07-09,2021-06-16,2021-06-17,0.02840451990771629,0.004678399211535836,7,-0.07044574450265,-0.0362300695682579,7,0.03502068405600667,0.014389079686904218,7,-0.029913127906843688,-0.005286895226688361,9,14,16,0.024665357097003373,-0.042352131260007954,-0.00884338708150229,-0.25083632925211874,0.035488137583716384,0.01992795526319876,-0.02102061229746685,0.00255377807458149,-0.00923341711144268,0.03171260198186148
2021-07-30,2021-07-08,2021-07-09,0.0004083202807397085,-0.0004474021639496358,9,0.021496319522690113,0.024058078195417804,8,-0.0423083630041145,-0.03792179804158515,6,-0.036040743706467315,-0.01918875098836345,4,15,12,-0.013898627527668314,0.0015448656308695357,-0.0061768809483993894,-0.15436251210318674,0.00686536658742698,-0.000705039575499912,0.010952319901714911,-0.03917455335529091,-0.014111116726787998,-0.020950021361687398
2021-08-20,2021-07-29,2021-07-30,0.020249414420039122,0.009594576169159569,8,0.021578748881216636,0.02519050097550002,8,-0.03265032753051922,-0.01879050236536779,5,-0.02492044413771677,-0.010265605886837212,8,13,16,-6.97956829046176e-05,-0.0014851978917778366,-0.0007774967873412271,-0.10794201941050208,0.01105995028266249,-0.0009008051873500851,0.02091408165062788,-0.028785385834117994,-0.003935652091745057,-0.006200456555240048
2021-09-13,2021-08-19,2021-08-20,-0.04189149728559779,-0.04015666415967499,7,-0.061861473597505524,-0.052170778326082044,9,0.03744156682161648,0.024910534729577858,7,0.011878637671216025,0.013623498916117818,8,14,17,-0.0017305285137705104,-0.025651342278212308,-0.01369093539599141,-0.2354774657302563,0.007262693692934752,0.013018439203095589,-0.051876485441551656,0.02466010224641625,-0.013608191597567702,-0.0022249652319906547
2021-10-04,2021-09-10,2021-09-13,-0.05047696537185149,-0.026141276484318104,8,-0.03207509490828172,-0.046112512741984836,7,0.016305163032674912,0.03434258086637803,7,0.045528106962987924,0.0053643955987717346,8,15,15,-0.016093310097004862,0.007761066185885074,-0.004166121955559893,-0.19562134021019095,-0.03709685576633415,-0.007518825601131238,-0.0412760301400666,0.03091663499783142,-0.005179697571117591,-0.01708590116958829
2021-10-25,2021-10-01,2021-10-04,0.04520257998621371,-0.009287803451954032,6,-0.09953268453818813,-0.044543641420496806,5,0.049054706031537866,-0.006562629888995943,9,-0.08781582312356973,-0.02800061817725945,5,15,10,0.03959487967784017,-0.052041252128266074,-0.006223186225212951,-0.313350743967709,0.0627798451010908,0.052926403043528206,-0.02716505227598721,-0.01938055854601593,-0.02327280541100157,0.04712864300887579
2021-11-15,2021-10-22,2021-10-25,0.05238311752788508,0.033332321500021474,9,0.007472388898771687,0.03344555901414625,5,0.05688274312811563,0.03356369178748693,8,-0.01975981419788629,0.004792068807822666,8,17,13,0.05147277793199393,-0.006706476060512883,0.022383150935740524,-0.10955140519413797,0.02607828808129331,0.022674474457183753,0.029927753213328384,0.01856146446511467,0.024244608839221526,0.05463293032800036
2021-12-07,2021-11-12,2021-11-15,0.006631757432265258,0.013906828778034445,9,0.05621503184516737,0.057404880002974966,6,-0.01185432598163689,-0.0028242361778623476,7,-0.015291525905638523,-0.011937146790583497,8,16,14,-0.001294136943392828,0.01194211021254978,0.005323986634578476,-0.06504989679194295,0.0018187481205222955,-0.011942835317384114,0.031423394638716316,-0.013572925943637706,0.008925234347539305,-0.0026112842746858164
2021-12-29,2021-12-06,2021-12-07,0.05701144923951549,0.0270283986887085,5,0.004842456580162421,0.0270845251408846,7,0.035168625941196324,0.010444219799769098,9,-0.03847634162274527,-0.00949336258252631,8,14,15,0.03342082664824135,-0.015217418717823623,0.009101703965208863,-0.11702093074601772,0.02322837561698532,0.02908778811110798,0.030926952909838955,-0.0016538578407744725,0.014636547534532241,0.0460900375903559
2022-01-20,2021-12-28,2021-12-29,-0.040835294443323726,-0.005262564522522816,9,0.04840689781208527,0.027138338921939176,5,0.021508873922943934,0.060723345754746395,7,0.024866014167264194,-0.006706715753536713,9,16,14,-0.012053085140516999,0.025879367586989117,0.006913141223236059,-0.19646358909425787,-0.06435854897031457,-0.02725493947355838,0.0037858016843807726,0.023187444045104064,0.013486622864742418,-0.009663210260189896
2022-02-10,2022-01-19,2022-01-20,0.011104845753964544,0.014159076890599635,9,-0.04394838075885318,-0.05023209150430565,6,-0.03817205408118504,-0.025744951101782362,8,-0.01609316648856223,-0.01750601385843415,7,17,13,-0.011412934492433302,-0.020907913887391924,-0.016160424189912613,-0.21378006981933706,0.005752435172568626,0.011725514325823269,-0.016421767502444316,-0.027132610284873637,-0.021777188893658976,-0.013533604163610248
2022-03-04,2022-02-09,2022-02-10,0.0039195229602987935,0.0062588546586571465,6,0.012886814307229544,-0.005864021465298061,8,0.007668796620050697,0.010302363287409577,8,-0.015406854183835349,-0.02079291333763321,9,14,17,0.004714861706788797,-0.0019759540664823216,0.0013694538201532375,-0.3127977843590133,-0.03816853054384817,-0.0055886628357503555,0.008403168633764169,-0.003869028781892326,0.0022670699259359213,0.005794159790174745
2022-03-25,2022-03-03,2022-03-04,0.05569595155112659,0.015873316721312092,5,-0.07894106625380985,-0.031895680563188845,3,0.048587809767835465,0.005829394873254167,9,-0.00927687710935765,0.03188589693429911,7,14,10,0.03976500253700845,-0.016764518807051838,0.011500241864978307,-0.18539418082900583,0.050735283440908274,0.04337532176877863,-0.011622557351341632,0.019655466329238907,0.004016454488948638,0.05214188065948103
2022-04-18,2022-03-24,2022-03-25,-0.015463433966164246,-0.009876262546463883,7,0.03349423780813715,-0.000423424932979366,2,-0.021396674856285006,-0.008149143146048449,8,-0.015338361357871415,-0.02013334302123964,9,15,11,-0.01552319092296832,-0.003947598700253802,-0.009735394811611061,-0.21538290471886734,-0.0325166042127637,0.0008480209552584572,0.009015401920986453,-0.01836751810707821,-0.004676058093045879,-0.018430054411224625
2022-05-09,2022-04-14,2022-04-18,-0.16976082373150006,-0.09476960957113634,7,0.056052796039003074,-0.03287633234319879,3,-0.02944387020672709,0.05589070587952588,8,0.0563869797345765,-0.021383603929444675,8,15,11,-0.07910426265412872,0.03440301255520118,-0.02235062504946377,-0.3794975629967108,-0.09087400400802081,-0.08067790377163182,-0.0568540138462485,0.013471554763924705,-0.021691229541161896,-0.09960234696911358
2022-05-31,2022-05-06,2022-05-09,0.07946622404793528,0.0032934509702187884,3,-0.11224815644149826,-0.02912770139725825,3,0.06729466220480176,0.028384394938135715,9,-0.0503581867125259,0.0007118083058255675,6,12,9,0.04689170177705676,-0.03549408831109167,0.005698806732982543,-0.20517565326877962,0.037069690105645314,0.05103825673723654,-0.016390966196781487,0.008468237746137933,-0.003961364225321777,0.07338044312636852
2022-06-22,2022-05-27,2022-05-31,-0.14214451319573562,-0.014252328025253632,3,0.12599724422120437,0.02108705153376785,3,-0.08653228829574039,0.010794469588501967,9,0.0759920387572656,-0.017334719126976754,9,12,12,-0.06695689634715946,0.05899556008216685,-0.003980668132496302,-0.1958361034128946,-0.08941644772630397,-0.10455415977134803,-0.008073634487265627,-0.005270124769237397,-0.006671879628251512,-0.114338400745738
2022-07-14,2022-06-21,2022-06-22,0.04882441504892854,0.02805693939712861,1,-0.019379140485017033,-0.023970974201744412,5,-0.02854083868093287,-0.02848427159695488,9,-0.0792537172279284,-0.040016250940618114,1,10,6,-0.011557951837748184,-0.009786078869611865,-0.010672015353680024,-0.14945169809896242,0.009402101449456524,0.00048613187034458985,0.014722637281955752,-0.05389727795443064,-0.019587320336237442,0.010141788183997833
2022-08-04,2022-07-13,2022-07-14,0.0,0.0,0,0.018608115596771186,0.09229157430008587,3,0.15995315557981352,0.07569134123454756,9,-0.010212456561321016,0.0669948808022632,5,9,8,0.07997657778990676,0.000264559110206027,0.04012056845005639,-0.11931375543611455,0.09594856962976417,0.09441736896937646,0.009304057798385593,0.07487034950924625,0.04208720365381592,0.07997657778990676
2022-08-25,2022-08-03,2022-08-04,0.03592816401938059,-0.015523660614762957,4,0.0010919557482808057,0.05254573640821725,1,0.05965323948857799,0.03177239253096195,9,-0.012576678749621206,0.0018280229455467506,8,13,9,0.037810656193040235,-0.005528970791593825,0.016140842700723204,-0.09759588014019516,0.012893247878626557,0.03322200585919303,0.0185100598838307,0.02353828036947839,0.021024170126654543,0.04779070175397929
2022-09-16,2022-08-24,2022-08-25,-0.10965610035537321,-0.035787424971872414,5,0.04537463695702665,-0.06019077377564874,2,-0.08093333995489704,-0.008377815587949243,9,0.04717701009629244,-0.015304392547979842,8,14,10,-0.07092669785394108,0.026009186371355155,-0.02245875574129296,-0.21469806651610424,-0.07715248565619914,-0.06430403438091785,-0.03214073169917328,-0.016878164929302303,-0.02450944831423779,-0.09529472015513513
2022-10-07,2022-09-15,2022-09-16,0.10798170544276187,0.05577666198762987,1,0.011513033039926271,-0.04076033038755722,3,-0.06329165252071212,-0.01697428780571185,8,0.018119892105671886,-0.033336311755089956,5,9,8,-0.022130639706829727,0.0069521422026743475,-0.00758924875207769,-0.14654498832020246,-0.05905690717486389,-0.053374286175941164,0.05974736924134407,-0.022585880207520115,0.018580744516911978,0.022345026461024875
2022-10-28,2022-10-06,2022-10-07,0.027226603904973112,-0.06184922354967126,1,-0.02556126335704016,0.022959142905972302,3,0.11028843226451465,0.04238567438680421,9,-0.10033046811002315,-0.029920718876387697,3,10,6,0.056656805238089164,-0.02098195524451055,0.01783742499678931,-0.17861130130838188,0.07230093152026762,0.08523061790584105,0.0008326702739664769,0.004978982077245751,0.0029058261756061132,0.06875751808474388
2022-11-18,2022-10-27,2022-10-28,0.06928968097286675,0.03970591032377413,4,-0.06437721766822752,-0.04460290755277735,4,0.0640727154850562,0.043321802023019704,9,0.00016858071042248821,0.018638255564734005,7,13,11,0.04743406462538738,-0.014240489205552924,0.016596787709917227,-0.1496729774918929,0.01801960424010507,0.030292354330972795,0.002456231652319618,0.032120648097739346,0.017288439875029482,0.06668119822896149
2022-12-12,2022-11-17,2022-11-18,-0.0032401850983260574,-0.0010475601208920216,3,-0.04842525336566439,-0.040367986238494025,1,0.03027367152521092,0.012253419534362264,8,-0.0037552987809868765,0.0024798583614911163,8,11,9,0.012914934272594955,-0.0043593135340866335,0.00427781036925416,-0.07370189036196151,0.007373152055373922,0.013946578828563138,-0.025832719231995222,0.013259186372112021,-0.006286766429941601,0.01351674321344243
2023-01-04,2022-12-09,2022-12-12,0.0015206338835965796,0.01896715437796445,4,0.09824377753500624,0.10506572401071357,1,-0.06730837588018738,-0.038027104559833415,7,0.0235298956589,-0.003587152471220753,8,11,9,-0.025837560868162524,0.015915719044789237,-0.0049609209116866435,-0.3248459395183889,-0.033657655654370955,-0.022568355798916688,0.04988220570930141,-0.021889240110643693,0.013996482799328858,-0.0328938709982954
2023-01-26,2023-01-03,2023-01-04,-0.002538319235402431,-0.01461671693982508,2,-0.1426175118704627,-0.07655377406416249,3,0.10686911150304941,0.06092913943714695,9,-0.00966600930541574,0.030669016587969104,7,11,10,0.05315252028092444,-0.027528588930516573,0.012811965675203933,-0.44708668927003403,0.05469551098336489,0.05136382281390238,-0.07257791555293257,0.048601551098816836,-0.011988182227057866,0.05216539613382349
2023-02-16,2023-01-25,2023-01-26,-0.02596871449415337,-0.01366945351793168,7,0.025357675051280698,0.001810840864204355,4,0.014464760387929376,0.015925141135062285,8,0.007133785351593776,0.02002196970549573,6,15,10,-0.0036701621308688113,0.008012967350815858,0.0021714026099735233,-0.07358826691948406,0.008721447730758891,0.0028940787817266157,-0.00030551972143633664,0.010799272869761576,0.0052468765741626195,-0.005751977053111998
2023-03-10,2023-02-15,2023-02-16,-0.06351512747054257,-0.012677616082827902,9,0.04413704954806405,0.001728062558681187,4,-0.059858629004005404,-0.01721291949461971,6,0.046019403811896856,-0.00046635225095909797,7,15,11,-0.05171044006993975,0.027704668048640788,-0.012002886010649482,-0.24504841650286746,-0.05479091678573722,-0.05305098370487294,-0.009689038961239259,-0.006919612596054274,-0.008304325778646766,-0.061686878237273986
2023-03-31,2023-03-09,2023-03-10,0.028943947349371068,-0.026835749209524095,5,-0.09089882253578732,-0.023590474844271653,8,0.047028769184125824,-0.011935654412540261,9,0.012082805198974533,0.05502748710293548,2,14,10,0.03155436996688821,-0.039056942771574975,-0.003751286402343384,-0.19606353409524568,0.06489217317623797,0.054378588255450985,-0.030977437593208125,0.02955578719155018,-0.0007108252008289732,0.03798635826674845
2023-04-24,2023-03-30,2023-03-31,-0.04264757051654591,-0.04297412034108308,4,0.021058056909155798,0.025084698574323494,2,0.0014983067000875483,-0.00819909435271662,9,-0.027082103631852428,-0.017128953371763456,8,13,10,-0.008728084542521984,-0.009696706402028212,-0.0092123954722751,-0.10851976547143649,0.007914021658862458,0.010239697600313659,-0.010794756803695058,-0.01279189846588244,-0.011793327634788749,-0.020574631908229182
2023-05-15,2023-04-21,2023-04-24,-0.02375503793910579,-0.007104418019146001,6,-0.06468502673076015,-0.024909603793691226,2,-0.02162956449391336,-0.006711903104575007,8,0.01596259289267829,0.015789248772504885,8,14,10,-0.017531485754774534,-9.273946222744368e-05,-0.00881211260850099,-0.17730864313814876,0.0009209926853575023,-0.009282157337151415,-0.04422003233493297,-0.0028334858006175342,-0.023526759067775252,-0.022692301216509572
2023-06-06,2023-05-12,2023-05-15,0.0919560698320139,0.07259857702371939,7,0.028858676594301264,0.04295429687817113,3,0.028944033799161648,0.006886104720230629,8,0.0020007103198710907,0.021233834917148614,8,15,11,0.048624708845410584,0.005698984018992918,0.02716184643220175,-0.1699730449425073,0.036367152690319315,0.017209888919112196,0.06040737321315758,0.015472372059516369,0.037939872636336976,0.060450051815587776
2023-06-28,2023-06-05,2023-06-06,0.0751607141971337,0.04484544361797223,5,-0.00893368201707384,0.00660581248898177,6,0.009208320554835947,-0.011925851037793714,8,-0.037965395866564,-0.00797383041826646,7,13,13,0.024970563079130894,-0.01774221462046617,0.0036141742293323616,-0.08933766616079297,0.023318536719077576,0.025749378989201998,0.03311351609002993,-0.014378537655864027,0.009367489217082952,0.042184517375984824
2023-07-20,2023-06-27,2023-06-28,0.062212507020474574,0.030983034369056077,9,-0.03312322612706231,-0.003443392897495179,4,0.05268827579209575,0.017220352911809605,6,-0.0262828949849533,0.00782754684498034,8,15,12,0.048669012107602536,-0.019042003577104203,0.014813504265249166,-0.0894610124563382,0.03618314412546497,0.036814732943283905,0.014544640446706131,0.013202690403571225,0.013873665425138678,0.05745039140628516
2023-08-10,2023-07-19,2023-07-20,-0.01238974401250671,-0.004747883920680275,9,-0.010635436003402832,-0.0069207075112801926,6,-0.05021193372239061,-0.03852724901982685,5,-0.022859507342355947,-0.026752528064373386,7,14,13,-0.02014263137358408,-0.012434953745383812,-0.01628879255948395,-0.11739719032840923,-0.013866082370332933,-0.0010130406558998253,-0.011512590007954772,-0.03653572053237328,-0.02402415527016403,-0.03130083886744866
2023-08-31,2023-08-09,2023-08-10,-0.0032490511333351174,-0.0004979630731394044,9,-0.03564078979467829,-0.03502221255345603,8,-0.019023137889566093,-0.007325857033262791,6,-0.008492718920907447,-0.004999460559820336,7,15,15,-0.007965571529856256,-0.01914307504465436,-0.013554323287255306,-0.11565811152790584,0.00995712405424154,0.00016895025363650995,-0.019444920464006702,-0.01375792840523677,-0.016601424434621734,-0.011136094511450605
2023-09-22,2023-08-30,2023-08-31,-0.04124682762631356,-0.008658684189725065,9,0.014764755115140844,-0.016295131905460582,7,-0.039233793785935854,-0.013341748428044965,5,0.027604743570624826,-0.0011224408555411958,8,14,15,-0.03152168986480563,0.018010624131721362,-0.006755532866542133,-0.17006137369911367,-0.040883114132182485,-0.031086409946515438,-0.013241036255586359,-0.005814525107655514,-0.009527780681620936,-0.04024031070612471
2023-10-13,2023-09-21,2023-09-22,-0.030255765154376668,-0.023494382126709432,7,-0.0036461427753532727,-0.00393347045230813,8,-0.05175849516661108,-0.035802159005461354,7,-0.0013628438616781018,-0.019229645611072654,3,14,11,-0.03189443456927302,-0.001847648543770027,-0.016871041556521523,-0.1971253887261486,0.0025089821812049884,-0.00830172234534675,-0.01695095396486497,-0.02656066951414459,-0.02175581173950478,-0.04100713016049387
2023-11-03,2023-10-12,2023-10-13,0.010741316019787355,0.008664121659043527,7,-0.012673833209587359,-0.0033854832139184055,9,0.0711495454210527,0.06179021631478305,7,-0.01137416251363993,-0.01820886925635673,2,14,11,0.03184644611588225,-0.00760071243964256,0.012122866838119844,-0.09603586053747493,0.007392972909984197,0.02148410176669193,-0.0009662585949000019,0.029887691453706386,0.014460716429403192,0.04094543072042003
2023-11-27,2023-11-02,2023-11-03,0.034135602862955944,0.005738137893796551,9,-0.03289339230835853,0.00022020685491240335,7,0.03637751743615725,-0.0019358614059621834,7,-0.026536582070778397,0.011660644640072068,6,16,13,0.031214613767761343,-0.021637402143510003,0.00478860581212567,-0.07733583410521572,0.04552675325991329,0.02852799685061489,0.0006211052772987086,0.004920467682689425,0.002770786479994067,0.035256560149556596
2023-12-18,2023-11-24,2023-11-27,0.04785924202986452,0.013065128115768074,9,-0.06514071794195322,-0.0280189034491789,7,0.03774749011040457,0.010841404912225471,5,-0.004490739004812024,0.02074250110406778,6,14,13,0.03441503493448908,-0.02682941442347471,0.0037928102555071855,-0.2490604479465861,0.042693898586873,0.0374784430162419,-0.008640737956044354,0.01662837555279627,0.00399381879837596,0.042803366070134546
2024-01-10,2023-12-15,2023-12-18,-0.01641217969293164,-0.019476649120016367,9,-0.011554604258275994,-0.002248651396430462,8,0.03510965192116822,0.01765696892872315,1,-0.028350632387697916,-0.009087631794496046,6,10,14,-0.006255553628623141,-0.014585590466244192,-0.010420572047433666,-0.12707202821009667,0.009725254222846313,0.009014980742822866,-0.013983391975603818,0.0033795097667351504,-0.005301941104434334,0.009348736114118288
2024-02-01,2024-01-09,2024-01-10,0.050939219367469986,0.038766775907807145,9,0.01729588848368631,0.03414923885355632,8,-0.02601400236206423,-0.024969370641826954,3,-0.007158119560604748,0.0025430053025552457,6,12,14,0.021133942623390953,0.00530102169477011,0.013217482159080531,-0.11372065627673811,0.026523429140397514,0.022239817318583665,0.03411755392557815,-0.01658606096133449,0.00876574648212183,0.012462608502702878
2024-02-23,2024-01-31,2024-02-01,0.07072012381052994,0.04415652790787377,9,0.0018743425318145102,0.03243793843447069,9,0.020338036132706017,0.008165500462757436,2,-0.03692074251838997,-0.0007811570934467716,5,11,14,0.03761984369778786,-0.009318590544756625,0.01415062657651562,-0.13111569758042796,0.03812333435574344,0.023663195994232514,0.03629723317117223,-0.008291353192841976,0.014002939989165126,0.04552907997161798
2024-03-15,2024-02-22,2024-02-23,0.04045519220720417,0.028929789817558657,9,-0.005618912169252748,0.009906490220392769,9,-0.009123030921627584,-0.007758948729368516,3,0.007839661126786801,0.03782690838427264,3,12,12,0.01870709094999749,-0.001502845896828574,0.008602122526584459,-0.09366489264254207,0.0070179769606406595,0.022233359403009904,0.017418140018975712,-0.0006416848974203915,0.00838822756077766,0.015666080642788294
2024-04-08,2024-03-14,2024-03-15,0.04961608194670121,0.02802693083386281,9,0.0030595288704082235,0.0229374087523936,6,0.013654216606402203,-0.00816002834476374,3,0.0045694568721659,0.041540258463773204,5,12,11,0.027083743741084305,0.00228913653240438,0.014686440136744344,-0.05994521739140146,0.01743693685643488,0.0300920466199197,0.026337805408554717,0.009111836739284052,0.017724821073919383,0.031635149276551706
2024-04-29,2024-04-05,2024-04-08,0.0025951541909184175,0.015314591000060681,9,0.022742839556740817,0.009262072429165689,7,-0.007951722940983933,-0.011578321841301217,3,-0.03524580773797931,-0.03310614597511932,4,12,11,-2.7710061371446642e-05,0.0010120358858482503,0.0004921629122384019,-0.0759675263902414,-0.01669473157956536,-0.008132791419567909,0.012668996873829618,-0.02159876533948162,-0.004464884232826,-0.002678284375032758
2024-05-20,2024-04-26,2024-04-29,0.027164946012598112,0.0005069237709071084,9,-0.047146282575096954,-0.022464051665387952,8,-0.008467861142767652,-0.03808801321288865,3,-0.06075173467725231,-0.03465496661503931,4,12,12,0.01217116281583778,-0.03445428885054361,-0.011141563017352914,-0.16791146190996553,0.03921102898737283,0.028453074774240635,-0.00999066828124942,-0.03460979791000998,-0.0223002330956297,0.00934854243491523
2024-06-11,2024-05-17,2024-05-20,0.006524461538647806,0.016162225158847812,9,0.013553863601886278,0.008961955612794463,7,-0.023983551442424738,-0.018316795146941733,3,-0.0028166160160849976,-0.012516407705426632,6,12,13,-0.0007350278044135535,0.004332074950927443,0.0017985235732569445,-0.07841136419825578,0.012998496699104134,-0.008509117311418643,0.010039162570267043,-0.013400083729254868,-0.0016804605794939124,-0.008729544951888466
2024-07-03,2024-06-10,2024-06-11,0.011190994522063069,0.0029272655735531495,9,-0.004478670332409636,0.007785058616100287,9,-0.004017442131829862,-0.0035062293287327906,2,-0.018981459376329335,-0.011352639727616909,2,11,11,0.005149114801939327,-0.004348386208019189,0.0004003642969600692,-0.08482480271830384,0.030336269329093835,0.0073709757051992255,0.0033561620948267166,-0.011499450754079599,-0.004071644329626441,0.0035867761951166037
2024-07-25,2024-07-02,2024-07-03,-0.02773148513088247,-0.01845405794420507,8,-0.048613045018598366,-0.04013154348829981,8,0.02551329024484461,0.0005699618669502415,2,-0.010354647525548525,-0.011172336283295059,3,10,11,-0.009490294475409475,-0.02333157237363514,-0.01641093342452231,-0.1283649854988207,-0.023664316265066043,0.0038235687715532027,-0.03817226507474042,0.007579321359648043,-0.015296471857546188,-0.0011090974430189304
2024-08-15,2024-07-24,2024-07-25,0.031595548724486285,0.009330500086660575,9,-0.03350980315681237,-0.0072447545189866635,9,0.0592346053406844,0.042323513913771,6,-0.08008064230546082,-0.04703998272079694,6,15,15,0.03554264280913794,-0.04344844901355979,-0.003952903102210924,-0.23190635652491487,0.02722836289546615,0.029426484113113327,-0.0009571272161630444,-0.010423018482388208,-0.005690072849275626,0.04541507703258534
2024-09-06,2024-08-14,2024-08-15,-0.01890774369618791,-0.005184949104854342,9,0.012049510573265889,0.0023267159819323232,9,-0.03771855166008333,-0.010446242606645461,5,-0.011866960822105699,-0.005780070941544158,5,14,14,-0.019931247309228215,0.0027283772804924727,-0.00860143501436787,-0.17734467919235353,-0.022980929708289355,-0.0056125585724825285,-0.0034291165614610108,-0.024792756241094515,-0.014110936401277762,-0.02831314767813562
2024-09-27,2024-09-05,2024-09-06,0.11462096041939088,0.05700943672731556,9,-0.13655711664552309,-0.0761425627680997,6,0.08923286926276405,0.04039400532787896,4,-0.038776871292579375,0.008204221479100512,6,13,12,0.0771400067125319,-0.05844466264603416,0.009347672033248874,-0.4866048781114183,0.060816416186445066,0.061454967322687626,-0.010968078113066104,0.02522799898509234,0.007129960436013117,0.10192691484107747
2024-10-18,2024-09-26,2024-09-27,0.018850296787384407,0.007575269964477684,9,0.008141904184467332,0.02344538983730409,7,-0.0021283777339409227,-0.018551715247298928,2,-0.028011393998760667,-0.01277126006523338,8,11,15,0.009188661978809878,-0.009283212372156334,-4.727519667322832e-05,-0.1546529824588948,0.022958524717202167,0.01676086988320258,0.01349610048592587,-0.015069885866350795,-0.0007868926902124627,0.008360959526721742
2024-11-08,2024-10-17,2024-10-18,0.06848946356498818,0.05772700704555879,9,-0.06728838367808597,-0.04670548441005894,8,0.06582515761909473,0.02813459979175263,3,-0.0334514881482275,-0.021812042197075193,8,12,16,0.045215591385676546,-0.04477327636725043,0.00022115750921305674,-0.4574599259737848,0.023264143133720605,0.01820525807126259,0.0006005399434511061,0.016186834735433614,0.00839368733944236,0.06715731059204146
2024-12-02,2024-11-07,2024-11-08,0.05838861255789707,0.04719634231795896,9,3.2269875897784945e-05,0.015224540115835898,9,0.0030062374991113748,-0.0022485345284654957,5,-0.0005462040388918762,0.013087734118745833,7,14,16,0.030029372250923916,-0.00019627774384239278,0.014916547253540762,-0.12489909152910772,0.009094258038715441,0.014842866075970549,0.029210441216897427,0.0012300167301097494,0.015220228973503587,0.03069742502850422
2024-12-23,2024-11-29,2024-12-02,-0.007672263195847301,0.037602818299808355,9,0.04613607956787148,0.004020732636600204,7,-0.07429524761131931,-0.0061254031226845584,4,0.06430511519553264,0.016691046688609483,7,13,14,-0.020346186622661275,0.042949353519101605,0.011301583448220165,-0.2026767188201577,-0.011494714223158398,-0.0481703982544977,0.01923190818601209,-0.004995066207893334,0.007118420989059378,-0.0409837554035833
2025-01-16,2024-12-20,2024-12-23,-0.043204784443818346,-0.03392095267682534,6,-0.08039182382802854,-0.06350871730251977,9,0.050920803802701954,0.03803769727719318,9,0.03361803096087457,0.030985974477969913,3,15,12,0.011058807086744862,-0.03459290675386851,-0.011767049833561824,-0.23788299865448392,-0.005128680614261194,0.023884216672921708,-0.06179830413592344,0.04226941738178826,-0.00976444337706759,0.003858009679441804
2025-02-07,2025-01-15,2025-01-16,0.017941778811421276,0.010941176379169994,7,-0.006617823497940309,0.013422276602531077,8,-0.025220416211855827,-0.022143536604151835,7,-0.029180837657468484,-0.025895308391551963,2,14,10,-0.002830581211280103,-0.006183570183247746,-0.004507075697263925,-0.12757563541388794,0.015431803326213522,0.014865211252860428,0.0056619776567404835,-0.027200626934662155,-0.010769324638960836,-0.0036393187002172755
2025-03-03,2025-02-06,2025-02-07,-0.04311735464479701,-0.030727943858892486,9,0.002651384671645397,-0.0057380261142591215,9,0.03837273169618654,0.04299818508279179,7,-0.04643647397823943,-0.06532913433757788,3,16,12,-0.006635948329437073,-0.006413719993883873,-0.006524834161660473,-0.25216945196071716,-0.028297161685798655,0.0031553241668244884,-0.020232984986575806,-0.004031871141026447,-0.012132428063801126,-0.002372311474305236
2025-03-24,2025-02-28,2025-03-03,-0.03897698593964944,-0.031060481163054612,9,-0.05543975678824702,-0.05935626156484185,9,0.004487741389863242,0.006294533736321162,6,0.012961615394130932,-0.000547505206822313,4,15,13,-0.01799257917320364,-0.02483951941764997,-0.021416049295426808,-0.17260914322682552,-0.013640635687396263,-0.003055756541421114,-0.04720837136394823,0.008724678391997087,-0.019241846485975572,-0.0172446222748931
2025-04-14,2025-03-21,2025-03-24,-0.03102347430771362,0.0280535240604166,9,0.08841616030342642,0.033339161935296194,9,-0.05211872745805646,0.0069582709100737645,9,-0.0025336537293478845,-0.030821072387887116,2,18,11,-0.04157110088288504,0.04392656307067455,0.0011777310938947544,-0.1908969312931006,-0.0608974719246852,-0.05465313250097871,0.028696342997856398,-0.02732619059370217,0.0006850762020771135,-0.04157110088288504
2025-05-06,2025-04-11,2025-04-14,-0.006354252614010014,-0.03191884954453178,4,-0.022608569545683382,0.01521881087807056,4,0.051250941507041424,0.023777464641043727,9,0.04224845215528226,0.0698257824634579,6,13,10,0.02421341461707404,0.009058690819386669,0.016636052718230356,-0.09616242424242438,0.036504048825058755,0.03390953924061996,-0.014481411079846698,0.04674969683116184,0.01613414287565757,0.022448344446515705
2025-05-28,2025-05-05,2025-05-06,0.07969474159031682,0.04469157719576485,7,-0.02780737634522934,-0.019326067145665426,3,0.07264749568619391,0.04053412195143126,9,-0.026266533618175696,0.009846840116586961,9,16,12,0.06731614735044239,-0.01776782953329274,0.024774158908574824,-0.20613356682627315,0.05177152016756836,0.03460135535402468,0.02594368262254374,0.023190481034009107,0.024567081828276424,0.07617111863825538
2025-06-18,2025-05-27,2025-05-28,0.011175365221815114,-0.0008306222238758931,8,-0.03916633178184196,-0.023017411031648855,6,0.021426122189486838,0.007903695587280959,7,0.010880729222519937,0.026817855159204984,9,15,15,0.013299209838940488,-0.007615079316020685,0.0028420652614599014,-0.13326638694438198,0.016521104599457326,0.016442287783487098,-0.013995483280013422,0.016153425706003387,0.001078971212994983,0.016300743705650975
2025-07-11,2025-06-17,2025-06-18,0.043266392320675896,0.0074170190083986155,9,-0.02674137400439362,0.013679610119102903,6,0.035291492880899944,0.002135814422367849,8,-0.011911080647539615,0.029578812870374598,6,17,12,0.03731830410740459,-0.01288415155064441,0.01221707627838009,-0.13838315663575584,0.04690624110735153,0.039273121134274516,0.008262509158141139,0.011690206116680164,0.009976357637410652,0.03927894260078792
2025-08-01,2025-07-10,2025-07-11,0.019343967457918467,0.03367525645980882,9,0.04442045938009046,0.03791022516366719,7,0.013166935715320127,0.012343081942622494,3,0.03046118586254073,0.021599370351497314,7,12,14,0.011866473014845922,0.029120639816578794,0.020493556415712356,-0.12471388513838788,-0.003046807325273626,-0.014171522037940323,0.03188221341900446,0.02181406078893043,0.026848137103967447,0.0162554515866193
2025-08-22,2025-07-31,2025-08-01,0.0014765475011656098,-0.035323223903405476,9,-0.06132623091182912,-0.020526459507258028,9,0.08656978730329401,0.048045855946498094,3,-0.03769009893262347,-0.001875155957576835,5,12,14,0.01516657163446514,-0.0411325873816433,-0.012983007873589079,-0.15451582914695972,0.037943117563503215,0.03559149684994031,-0.029924841705331755,0.02443984418533527,-0.0027424987599982426,0.04402316740222981
2025-09-15,2025-08-21,2025-08-22,0.04051102564240709,0.033260163670639,8,0.008089640360252899,0.018514341780799852,9,0.069186673754277,0.04951075713563313,2,0.01572755212806373,0.024547263220463394,7,10,16,0.02569230848043393,0.010161090452151232,0.017926699466292582,-0.14666889772544223,0.024174404905535907,0.002993930429771269,0.024300333001329995,0.04245711294117037,0.033378722971250184,0.05484884969834205
2025-10-06,2025-09-12,2025-09-15,0.06478049200251705,0.04855510859495674,9,-0.04873545492051526,-0.02851007151295495,9,0.02816339883133682,0.006104787476139073,3,-0.0062462605959808,0.008254508145189021,7,12,16,0.037084145806481325,-0.02679682880313905,0.0051436585016711375,-0.2660233437880084,0.019007214536081785,0.02189172515574123,0.008022518541000896,0.010958569117678011,0.009490543829339454,0.04647194541692694
2025-10-27,2025-10-03,2025-10-06,0.014747215138687462,0.006463047918460135,9,-0.003258635046331157,0.007707173914040064,8,0.02985798419686328,0.021830632155228014,4,0.03547869214948329,0.043117491057846014,4,13,12,0.014008715168646681,0.00643587156818244,0.01022229336841456,-0.11362579372844361,0.020294480788586533,0.012370921001403636,0.0057442900461781524,0.032668338173173286,0.01920631410967572,0.02230259966777537
2025-11-17,2025-10-24,2025-10-27,-0.028188074643851042,-0.0016382831650400245,9,0.006064545906497394,-0.025459034092140977,7,-0.042339734279798535,-0.009866295734702324,5,0.01642334592517139,-0.022719676756046553,4,14,11,-0.025855074621869558,0.006008066947009295,-0.009923503837430132,-0.20211395855565806,-0.028559374550120475,-0.023554337338684533,-0.011061764368676823,-0.012958194177313573,-0.0120099792729952,-0.035263904461824785
2025-12-09,2025-11-14,2025-11-17,0.035253820825504004,0.02535766601085837,8,-0.020123270038353513,-0.0037369803781004546,8,0.018155184673341467,0.006348058371527521,6,-0.04915379115418734,-0.0375517176364483,7,14,15,0.02172009303578227,-0.028059038799229972,-0.0031694728817238515,-0.24474408589812602,0.026093964667790237,0.013890150402104928,0.007565275393575245,-0.015499303240422936,-0.0039670139234238445,0.026704502749422737
2025-12-31,2025-12-08,2025-12-09,0.01745642167678796,0.007397022035305456,8,0.02737688004707665,0.04077166729332845,9,0.022591808137942964,0.0035652028987875153,6,-0.018064535849100782,-0.0026515777487328696,4,14,13,0.015289012346775635,0.009674098723738152,0.012481555535256893,-0.07487882662316814,0.0013103939130090225,0.011433340002952402,0.022416650861932307,0.002263636144421091,0.0123401435031767,0.020024114907365463
2026-01-23,2025-12-30,2025-12-31,0.11082051841825491,0.07117478534102219,9,-0.014679435923899815,0.028966297153332914,9,0.08217201940154722,0.03701036137030214,4,-0.00753342202724594,0.05613374890889926,5,13,14,0.07367070796502684,-0.009432335191740446,0.0321191863866432,-0.09296270086982172,0.01071965800432051,0.04413663775044307,0.04807054124717755,0.03731929868715064,0.0426949199671641,0.09649626890990107
2026-02-13,2026-01-22,2026-01-23,0.0036737955284390994,-0.026638127273414167,9,0.07587426793008997,0.1008588341786378,5,0.16342614382872367,0.12115421992535531,3,-0.06879828515439435,-0.02606976117342587,6,12,11,0.02907458840234016,-0.0018565761819953435,0.013609006110172408,-0.19555242257738836,-0.010852645101316116,0.03832721646188251,0.03977403172926454,0.04731392933716466,0.0435439805332146,0.08354996967858139
2026-03-09,2026-02-12,2026-02-13,-0.05189216115580131,-0.04050665920304598,9,-0.08242687342733822,-0.08357521468016976,6,0.06188150635390022,0.06916488474503457,5,0.006113816943975995,-0.009336077386400807,7,14,13,-0.008756773257372816,-0.025098028997566517,-0.01692740112746967,-0.18795394081716732,-0.005104381180060957,-0.007402813184215136,-0.06715951729156977,0.0339976616489381,-0.016580927821315834,0.0049946725990494545
2026-03-30,2026-03-06,2026-03-09,0.001419562919788328,0.036097979046440576,8,0.03307079611355828,-0.006758206494168203,7,-0.06756531753919884,-0.00864719942008807,8,-0.05857663854862912,-0.08673655371518336,3,16,10,-0.02939811316418245,0.003098092063834478,-0.013150010550173986,-0.23486437413786554,-0.0657174150156743,-0.03609706486809481,0.017245179516673304,-0.06307097804391398,-0.022912899263620338,-0.033072877309705255
2026-04-21,2026-03-27,2026-03-30,-0.10228151631437306,-0.08555348305198389,3,-0.08257962831326607,-0.009739797431620248,8,0.08193125175956166,0.013091420877915844,8,-0.007798547842971381,0.012458545159093637,5,11,13,0.01936697028518745,-0.03886832031783252,-0.009750675016322536,-0.3984575950951901,0.11410358058351333,0.041523580473779534,-0.09243057231381957,0.03706635195829514,-0.027682110177762214,-0.010175132277405699
2026-05-12,2026-04-20,2026-04-21,0.09611779186977425,0.07512294152788546,9,0.05494195510354104,0.08472301482654969,7,-0.03992888641777146,-0.042253884908839634,5,0.056551050870518815,0.06408352992303856,3,14,10,0.03696753859661727,0.030791491018685762,0.033879514807651515,-0.09306186058396793,0.04843195872552086,0.013275545802973378,0.07552987348665764,0.008311082226373678,0.04192047785651566,0.028094452726001393
2026-06-03,2026-05-11,2026-05-12,0.0502669418634674,0.04844199529221958,9,0.005973872792850356,0.011798819364098176,9,0.04601046109424697,0.06306927773234672,7,0.03947937724395703,0.028556552333421303,4,16,13,0.043026428023940855,0.01176013133952674,0.027393279681733797,-0.15645375771424952,0.021756227800297623,0.01114285695430289,0.028120407328158875,0.042744919169102,0.03543266324863044,0.04813870147885718
2026-06-25,2026-06-02,2026-06-03,0.02205077107756724,0.031108585416795453,8,0.022421931366377282,0.024332444273171074,9,0.07361401452750382,0.080900757851758,6,-0.04239567537356309,-0.06425669508166326,2,14,11,0.03433834754364227,0.0065003350861260745,0.02041934131488417,-0.1464559552758955,-0.023929127366384084,0.00806355605664677,0.02223635122197226,0.015609169576970366,0.018922760399471314,0.04783239280253553
2026-07-17,2026-06-24,2026-06-25,-0.055318776914012054,-0.06092641890519517,9,-0.008571056272846255,0.0010365857183368687,9,0.002913261987967619,-0.02290595341211319,5,0.006744366346860542,0.03785278488593824,4,14,13,-0.02685014901590391,-0.002786780059343007,-0.01481846453762346,-0.20909586299821425,0.01224292703006502,0.010089542483197569,-0.03194491659342916,0.004828814167414081,-0.013558051213007538,-0.026202757463022218
2026-08-07,2026-07-16,2026-07-17,0.02074821235701026,0.002470104740008244,9,-0.06112646411193613,-0.03884835649493411,9,0.028271035976383696,0.008775770003039307,2,0.0013494659388503267,0.008771978862154417,1,11,10,0.013515332398103319,-0.030488261726031935,-0.008486464663964308,-0.19453171416273962,0.040320806144470867,0.03204190207610122,-0.020189125877462938,0.01481025095761701,-0.0026894374599229632,0.024509624166696976
2026-08-28,2026-08-06,2026-08-07,-0.004523660291500961,-0.011408400232369567,8,-0.013391686541637828,-0.005736236459665441,9,0.030822383666565683,0.04490050393485515,3,0.0,0.0,0,11,9,0.0031265482593160754,-0.006695843270818914,-0.0017846475057514194,-0.11794212839845675,-0.00505653318520527,0.011302796884546206,-0.008957673416569395,0.015411191833282841,0.0032267592083567234,0.013149361687532361
2026-09-21,2026-08-27,2026-08-28,-0.03611799229337663,-0.01717218599386107,9,0.04429615634806969,0.026930469979175836,8,-0.025789758162464232,0.020655221507267812,4,0.050514836314825506,0.04447386680421139,2,13,10,-0.02379005351612481,0.025299940189678252,0.0007549433367767203,-0.12125247960366292,0.007890768484039912,-0.03242718641640372,0.004089082027346529,0.012362539076180637,0.008225810551763583,-0.03095387522792043
