hold,rule,book,puts on %,CAGR,Ann. vol,Sharpe,Max drawdown,Worst period,2020,2022,Sharpe 2018-22H1,Sharpe 2022H2-26
3 weeks,none,"18 ATM calls, no puts",0.0,0.10378703430622505,0.09263227002869574,0.8283703345963745,-0.07977819807755682,-0.03750363997285531,0.28154666175065257,0.023987516050645086,0.6696846703642033,1.0447671005303452
3 weeks,none,"18 longs + sector ETF, no puts",0.0,0.14462860515024234,0.08613549261863272,1.3090862668560386,-0.0704137307609145,-0.03743743140266651,0.4647575906822141,0.09226664003560514,1.252495272937756,1.422889979820612
3 weeks,always,18 ATM calls + SPY puts 50%,100.0,0.06074366689228228,0.0821900837922557,0.43715920528897784,-0.10980078465393173,-0.052979769949902195,0.21559096271173916,0.0858652673846867,0.39022504207190334,0.5042044992603518
3 weeks,always,18 ATM calls + SPY puts 100%,100.0,0.01637424271609622,0.10523664111381,-0.046310116324482814,-0.25202765454730636,-0.06845589992694907,0.13871913137371883,0.1449293231125348,0.019636646893682278,-0.14966172850325934
3 weeks,always,18 longs + sector ETF + SPY puts 50%,100.0,0.09896315353532503,0.08777256544180323,0.8197905269022306,-0.10820274328773671,-0.0529135613797134,0.3878392908897059,0.1548102468324568,0.9015134362201557,0.730140775418329
3 weeks,iv_pct<25,18 ATM calls + SPY puts 50%,29.496402877697843,0.09289195471769074,0.0915240313067414,0.7283389630076563,-0.07559418106019233,-0.03750363997285531,0.27246436861003986,0.0520010928023098,0.5650602937264957,0.9482177217358143
3 weeks,iv_pct<25,18 ATM calls + SPY puts 100%,29.496402877697843,0.08175780492629703,0.09386913116518678,0.6028308868310766,-0.10567975223781012,-0.03750363997285531,0.2634138793981804,0.08001466955397474,0.4421168193613279,0.813753062438521
3 weeks,iv_pct<25,18 longs + sector ETF + SPY puts 50%,29.496402877697843,0.13318373376186288,0.08675687703314644,1.1836005112406194,-0.07683833266329021,-0.03743743140266651,0.4543538570909418,0.12125910016454178,1.1155387795003646,1.3209519221413408
3 weeks,iv_pct<50,18 ATM calls + SPY puts 50%,52.51798561151079,0.07907714760067774,0.09098128453582084,0.5916281697947177,-0.07330412230458694,-0.03750363997285531,0.24986763843735904,0.04249142707759157,0.4576619059296658,0.7748248548464386
3 weeks,iv_pct<50,18 ATM calls + SPY puts 100%,52.51798561151079,0.054393480343835066,0.09446795335936109,0.32731054387602954,-0.1376975672573526,-0.03750363997285531,0.21875946825473425,0.06048887522634372,0.22751445236281057,0.4601093433480566
3 weeks,iv_pct<50,18 longs + sector ETF + SPY puts 50%,52.51798561151079,0.11877812473161042,0.08735628900228098,1.0285699843659037,-0.07781393916931123,-0.03743743140266651,0.42867035972243595,0.11116102776305281,0.9976725421079334,1.1092616331488034
3 weeks,vrp<p25,18 ATM calls + SPY puts 50%,25.899280575539567,0.08830024750933796,0.08566499952594081,0.7233898642054118,-0.06447758498820255,-0.03750363997285531,0.1639360960387799,0.08351394580378058,0.5870847022071033,0.8754644505874366
3 weeks,vrp<p25,18 ATM calls + SPY puts 100%,25.899280575539567,0.07227127647083442,0.08698870081841871,0.5426516293063964,-0.08608945586109829,-0.041193058113213,0.055000039662312705,0.1440221229879195,0.4169806151010535,0.668935079745276
3 weeks,vrp<p25,18 longs + sector ETF + SPY puts 50%,25.899280575539567,0.1282841198678657,0.08227459766635661,1.1910621396102885,-0.0823847077269656,-0.04358765682652866,0.33105406787300007,0.15376259730236153,1.2000242070025404,1.186075238900445
3 weeks,skew_pct<25,18 ATM calls + SPY puts 50%,30.935251798561154,0.07894824675529799,0.0904574235408522,0.5932336178697264,-0.09310897495836934,-0.03750363997285531,0.27643615598659377,0.017111403321051988,0.4788213854950367,0.7572860530912426
3 weeks,skew_pct<25,18 ATM calls + SPY puts 100%,30.935251798561154,0.05433345370833842,0.09149690563320459,0.33433857167989106,-0.14684749629346072,-0.03750363997285531,0.27132565022253563,0.009158226594674135,0.27358498617632054,0.4271181517627192
3 weeks,skew_pct<25,18 longs + sector ETF + SPY puts 50%,30.935251798561154,0.11856188964594794,0.08769026688466956,1.0227742915426439,-0.08020906816160378,-0.03743743140266651,0.4589025481404698,0.08369683155149432,1.0123538937604009,1.0777881130318736
3 weeks,spy<sma50,18 ATM calls + SPY puts 50%,24.46043165467626,0.10233152886301533,0.08555496193583809,0.8746588899840468,-0.0652935705784159,-0.03750363997285531,0.34633859999607775,0.03532519965816827,0.8772473591208683,0.8770041986951165
3 weeks,spy<sma50,18 ATM calls + SPY puts 100%,24.46043165467626,0.09866492596737819,0.10249136027152703,0.711562334303635,-0.0853395610212373,-0.041193058113213,0.3994555686559573,0.04270516116231171,0.793552869042508,0.6220605357914533
3 weeks,spy<sma50,18 longs + sector ETF + SPY puts 50%,24.46043165467626,0.14228376708477875,0.0876637829563235,1.264562972972528,-0.08330161027900529,-0.03743743140266651,0.5361544902418725,0.10233139784171685,1.3992175652870502,1.1122087227942243
3 weeks,spy<sma200,18 ATM calls + SPY puts 50%,19.424460431654676,0.09264095081116674,0.08113736662007778,0.8085176820631905,-0.05559412199126901,-0.03750363997285531,0.18610345577805476,0.050258740601010654,0.6288212179786133,1.026025277368616
3 weeks,spy<sma200,18 ATM calls + SPY puts 100%,19.424460431654676,0.08059647587158159,0.08087339345943345,0.6734992106641634,-0.07199351557210232,-0.041193058113213,0.09576466527873406,0.07213200825141897,0.4862823017734395,0.8769323066438157
3 weeks,spy<sma200,18 longs + sector ETF + SPY puts 50%,19.424460431654676,0.1326852826953635,0.07854845262476064,1.2937996631416857,-0.07041373076091417,-0.03743743140266651,0.3566086986603094,0.11777707551596439,1.283691129536232,1.3115470522532204
3 weeks,calm_top,18 ATM calls + SPY puts 50%,22.302158273381295,0.09398527673669843,0.092031254257053,0.7357483266175874,-0.07559418106019244,-0.03750363997285531,0.27246436861003986,0.0520010928023098,0.5452127072713358,0.9960961999422181
3 weeks,calm_top,18 ATM calls + SPY puts 100%,22.302158273381295,0.08404601359211195,0.09367067384022158,0.6265553103024166,-0.10567975223781034,-0.03750363997285531,0.2634138793981804,0.08001466955397474,0.4091058474383784,0.9264229599254669
3 weeks,calm_top,18 longs + sector ETF + SPY puts 50%,22.302158273381295,0.13436132228263697,0.08682302235023202,1.1948076036275717,-0.07683833266329021,-0.03743743140266651,0.4543538570909418,0.12125910016454178,1.0967368668890647,1.3796852009650615
3 weeks,iv<25|spy<sma50,18 ATM calls + SPY puts 50%,53.956834532374096,0.09145081603831517,0.08434017104683157,0.767820372780714,-0.06529357057841612,-0.03750363997285531,0.33679712780732163,0.0636489452985618,0.7650148249005801,0.7758990166521981
3 weeks,iv<25|spy<sma50,18 ATM calls + SPY puts 100%,53.956834532374096,0.07673792291915937,0.10356622810036813,0.5096485562638231,-0.10898425158185743,-0.041193058113213,0.3796544767443062,0.09975644470575773,0.5948213312197234,0.4073867704808087
3 weeks,iv<25|spy<sma50,18 longs + sector ETF + SPY puts 50%,53.956834532374096,0.1308623411790346,0.08826139331837718,1.1418703437850943,-0.08557469489911851,-0.03743743140266651,0.5252436458993142,0.1315910107689764,1.256631742936223,1.013964841369216
1 month,none,"18 ATM calls, no puts",0.0,0.10741430276153063,0.10344600915788087,0.7854314945722302,-0.06824114418548888,-0.040715336520101814,0.4164611435060197,0.05347050788893992,0.9845800877516772,0.5347815144050672
1 month,none,"18 longs + sector ETF, no puts",0.0,0.11086944654585928,0.09008340253350479,0.9239224256224334,-0.0919840467674925,-0.07582678540015081,0.31359454548329935,0.1436683433246313,0.9345607704194866,0.9269397682910882
1 month,always,18 ATM calls + SPY puts 50%,100.0,0.0827928462197638,0.08693936405721277,0.6570267510355623,-0.07339281030270395,-0.03802764996698525,0.4309239973376131,0.09357100835498078,1.138967700270045,0.052754914476171706
1 month,always,18 ATM calls + SPY puts 100%,100.0,0.056123075944000345,0.09720914926149288,0.33940449512687365,-0.16578000939380044,-0.05104000273499866,0.43493425164178223,0.13241655585802592,0.9561019838181298,-0.4438331542573213
1 month,always,18 longs + sector ETF + SPY puts 50%,100.0,0.08524646531782598,0.08269451886907873,0.7147004530475441,-0.07770458917395673,-0.04989259875672936,0.327419636025591,0.18532146068712163,0.9654536156185535,0.4174221380600462
1 month,iv_pct<25,18 ATM calls + SPY puts 50%,30.303030303030305,0.10266640203173782,0.10230862295964681,0.7506918772746031,-0.06130961528560419,-0.040715336520101814,0.40785270596821466,0.0687972559059904,0.9023807989567738,0.5645770176330439
1 month,iv_pct<25,18 ATM calls + SPY puts 100%,30.303030303030305,0.09752072342586349,0.10491090653445422,0.689678063717277,-0.0683823560951261,-0.040715336520101814,0.3992442684304096,0.08412400392304131,0.8049617013828467,0.552729945146314
1 month,iv_pct<25,18 longs + sector ETF + SPY puts 50%,30.303030303030305,0.1059898517902178,0.09001032062638113,0.875261568666574,-0.09198404676749239,-0.07582678540015081,0.3056252093941856,0.16026505257253199,0.8336729643469262,0.9501328704504963
1 month,iv_pct<50,18 ATM calls + SPY puts 50%,50.505050505050505,0.0946522024928449,0.09986032647552326,0.6930694263471169,-0.06130961528560408,-0.040715336520101814,0.3979890428265149,0.0687972559059904,0.9323233668903046,0.37752312634788937
1 month,iv_pct<50,18 ATM calls + SPY puts 100%,50.505050505050505,0.08132248429031574,0.10282721053285834,0.5559863434375437,-0.068382356095126,-0.040715336520101814,0.37963756659541925,0.08412400392304131,0.8319252935894018,0.18272059608160066
1 month,iv_pct<50,18 longs + sector ETF + SPY puts 50%,50.505050505050505,0.09776573405382427,0.08920974458032857,0.7980121646665442,-0.09198404676749239,-0.07582678540015081,0.29643681842377356,0.16026505257253199,0.8463305945041909,0.7510337232285896
1 month,vrp<p25,18 ATM calls + SPY puts 50%,23.232323232323232,0.10953222468814872,0.0950777846122477,0.8666394094753922,-0.056258256745419066,-0.03802764996698525,0.4405069219779616,0.11676915062149074,1.1526819124588799,0.5036862432082676
1 month,vrp<p25,18 ATM calls + SPY puts 100%,23.232323232323232,0.11061037406078422,0.09679299023691108,0.8631467675115492,-0.07158142642081455,-0.05104000273499866,0.45731697803526705,0.18213954423356515,1.1832965395898962,0.44373254725121114
1 month,vrp<p25,18 longs + sector ETF + SPY puts 50%,23.232323232323232,0.11288606586344274,0.08191141882397306,1.0301186149465478,-0.052732364607583126,-0.04127055620142042,0.3385596734111229,0.21132808583979878,1.177314063446203,0.8619352373612381
1 month,skew_pct<25,18 ATM calls + SPY puts 50%,32.323232323232325,0.10618676999722632,0.09909399348798706,0.8043532129805724,-0.06130961528560419,-0.040715336520101814,0.4164611435060197,0.0812138896610568,1.126741748670079,0.36713505290212906
1 month,skew_pct<25,18 ATM calls + SPY puts 100%,32.323232323232325,0.10432607919762749,0.100612272766535,0.7768772970594083,-0.06503139235783006,-0.040715336520101814,0.4164611435060197,0.10828533008421592,1.2139716069044053,0.14569633222413858
1 month,skew_pct<25,18 longs + sector ETF + SPY puts 50%,32.323232323232325,0.10922781625779976,0.08943066370535235,0.9134103545842324,-0.0919840467674925,-0.07582678540015081,0.31359454548329935,0.172741291081419,1.0612126273663467,0.7387590110777859
1 month,spy<sma50,18 ATM calls + SPY puts 50%,26.262626262626267,0.09850139610062181,0.09369292237812804,0.7706756727214192,-0.052581292911805466,-0.03020957529908129,0.45958778428504066,0.05150377730160183,1.1303343149847342,0.3231645164836874
1 month,spy<sma50,18 ATM calls + SPY puts 100%,26.262626262626267,0.08834080678806289,0.09701833593805927,0.6510517602148808,-0.06994778395412737,-0.04122084139177269,0.4964401572623962,0.04810816729517131,1.0896310946133676,0.08781189251011655
1 month,spy<sma50,18 longs + sector ETF + SPY puts 50%,26.262626262626267,0.10153608162875871,0.08384601890492852,0.8848026316406252,-0.05226102917672182,-0.04127055620142042,0.3557656873509287,0.14069972662394203,1.0404008423302977,0.7021589963660342
1 month,spy<sma200,18 ATM calls + SPY puts 50%,18.181818181818183,0.09797775431400702,0.0949751092327634,0.7563625063691466,-0.06130961528560408,-0.040715336520101814,0.36425922773572816,0.0492685135276727,1.002537666197433,0.43790575716247854
1 month,spy<sma200,18 ATM calls + SPY puts 100%,18.181818181818183,0.08796059275666712,0.09284322786565907,0.6723319640918507,-0.06832853020253715,-0.040715336520101814,0.3130095728465492,0.04364649515239294,0.9534705971156792,0.29958220502936334
1 month,spy<sma200,18 longs + sector ETF + SPY puts 50%,18.181818181818183,0.10079729736260812,0.08726981837254495,0.8458357681407722,-0.0919840467674925,-0.07582678540015081,0.2645556539591194,0.13792629883824215,0.8783520181187704,0.8221308600625853
1 month,calm_top,18 ATM calls + SPY puts 50%,24.242424242424242,0.10311412637480588,0.10237127252235464,0.7542925339988267,-0.06130961528560419,-0.040715336520101814,0.40785270596821466,0.0687972559059904,0.9023807989567738,0.5736041355345973
1 month,calm_top,18 ATM calls + SPY puts 100%,24.242424242424242,0.09849151978892445,0.10434887790829002,0.7013589509132748,-0.06130961528560419,-0.040715336520101814,0.3992442684304096,0.08412400392304131,0.8049617013828467,0.5825891774181791
1 month,calm_top,18 longs + sector ETF + SPY puts 50%,24.242424242424242,0.10652808287514803,0.08917748974013934,0.8880964129739859,-0.09198404676749239,-0.07582678540015081,0.3056252093941856,0.16026505257253199,0.8336729643469262,0.9875921567662508
1 month,iv<25|spy<sma50,18 ATM calls + SPY puts 50%,56.56565656565656,0.09379170834670791,0.09239897064694326,0.7333345183298422,-0.053338919304375954,-0.03020957529908129,0.45071724778669386,0.06680191171826744,1.0362892749984405,0.3470046915598365
1 month,iv<25|spy<sma50,18 ATM calls + SPY puts 100%,56.56565656565656,0.07861762903123726,0.09844131863193713,0.5512822912256824,-0.07743934151679677,-0.04122084139177269,0.4782511491389956,0.07860563192175452,0.8892741635089576,0.10901308991540096
1 month,iv<25|spy<sma50,18 longs + sector ETF + SPY puts 50%,56.56565656565656,0.09669748452468063,0.08372706757739734,0.8329406349476268,-0.058500430223629274,-0.04127055620142042,0.3475405067137691,0.15725335584034772,0.927749776686449,0.7231205753442592
