signal_date,group,side,sector,ticker,close,skew90,mom20,dd60
2026-09-25,G1,long,XLK,AMD,630.63,-0.48,0.323,0.0
2026-09-25,G2,short (reference only),XLK,INTU,275.79,1.18,-0.2075,-0.2545
2026-09-25,G1,long,XLY,TSLA,372.11,0.35,0.0488,-0.1135
2026-09-25,G2,short (reference only),XLY,BKNG,163.95,2.43,-0.1887,-0.2335
2026-09-25,G3,long,XLY,MAR,352.03,5.08,-0.0052,-0.0802
2026-09-25,G1,long,XLV,ISRG,405.18,1.28,0.1038,-0.0639
2026-09-25,G2,short (reference only),XLV,SYK,272.36,2.62,-0.1545,-0.2268
2026-09-25,G1,long,XLI,DE,690.46,1.26,0.1089,-0.0268
2026-09-25,G2,short (reference only),XLI,GD,336.72,2.93,-0.114,-0.1496
2026-09-25,G3,long,XLI,HON,212.55,5.33,-0.0356,-0.1431
2026-09-25,G1,long,XLC,META,751.66,-0.46,0.3172,-0.0333
2026-09-25,G2,short (reference only),XLC,CHTR,112.91,3.6,-0.2387,-0.2897
2026-09-25,G3,long,XLC,CMCSA,21.91,5.21,-0.1704,-0.1945
2026-09-25,G2,short (reference only),XLB,IP,35.02,3.08,-0.1219,-0.1967
2026-09-25,G3,long,XLB,AMCR,42.51,6.63,-0.0731,-0.1126
2026-09-25,G1,long,XLE,VLO,387.18,-0.04,0.1171,-0.0632
2026-09-25,G2,short (reference only),XLE,EXE,86.84,1.06,-0.1139,-0.1314
2026-09-25,G1,long,XLP,MO,68.82,-0.01,0.0332,-0.0667
2026-09-25,G2,short (reference only),XLP,GIS,33.64,3.73,-0.1682,-0.1904
2026-09-25,G2,short (reference only),XLU,PCG,12.34,1.56,-0.3125,-0.3279
2026-09-25,G3,long,XLU,DTE,121.44,5.57,-0.1005,-0.2045
