exit,SPY,cash,L18 stock,G3 stock,L18 sec,G3 sec,L18 spy,G3 spy,L18 atm,G3 atm,L18 c30,G3 c30,L18 atm_dm,G3 atm_dm,L18 c30_dm,G3 c30_dm,L18 x_atm,G3 x_atm,L18 x_c30,G3 x_c30,L18 x_mix,G3 x_mix,Book 18L/18S (stock shorts)
2018-07-03,-0.01012556851407842,0.0014692108887073285,-0.015168552979778847,-0.0007009752434526703,-0.014755321182509464,2.3503649431196654e-05,-0.005217637955080406,0.008006075403158468,-0.01452924985512615,-0.010974950737036939,-0.008992765169747306,-0.008444454402754095,-0.0290587085229368,-0.022326370729575964,-0.03340404263947479,-0.03157634008283076,-0.009791708856959715,-0.005467746021846005,-0.02164084748697074,-0.02128354432438971,-0.017295513370432756,-0.012033574971134919,-0.011874965160104766
2018-08-02,0.042414172726371824,0.0015748454876625129,0.037022876137866444,0.03521035144678064,0.010545673885192678,0.007146887462960034,0.0026567701056086765,0.0031353191500067346,0.0181069604283286,0.019764030776123508,0.006080081537814064,0.010762176448418271,0.03266733843171196,0.036195490906087674,0.0165922989881677,0.03219928202351505,-0.011608750732742153,-0.005128858980736169,-0.03800510659329626,-0.01875829651918466,-0.021930067149752,-0.014762087636612036,-0.001352612557437953
2018-08-31,0.02804662899364274,0.0015472876326567686,0.03492637825011775,0.0027321823582166444,0.017783283534697752,-0.015454976254724861,0.014004668302684202,-0.015200711882440673,0.023693488222963095,0.001486356147035429,0.01681300394567585,0.0005019324684621573,0.04355458345332605,0.0015962063771754157,0.05243300867605369,-0.001937229581325269,0.019043180430865572,-0.019413567642076426,0.023365726103025192,-0.026852043215349692,0.014487300880297566,-0.02331860725684901,0.013831877428604427
2018-10-02,0.008851610430588908,0.0017849729408394577,0.040417199911755235,0.02374457137822112,0.03130500558647667,0.016177870820363968,0.0341950020036307,0.018766813051721485,0.020203462980635092,0.006734476004523482,0.00934176735686084,0.004501576473070463,0.03680593348150843,0.011451711884055473,0.026974287660910715,0.010840318048276112,0.04166931481433908,0.015342416950320006,0.038545057020029354,0.02009693353557102,0.04837670284062707,0.02070832737135038,0.01495300201378661
2018-10-31,-0.07178631248714751,0.0017110195149987462,-0.0634347604567773,-0.003939196939962512,-0.008424770838131783,0.03561331983923412,-0.002520317121655437,0.04479235772813498,-0.016474158666800208,0.00028320866868088005,-0.011077443292374744,-0.007470876632840587,-0.03250640971488732,-0.0012922453846770507,-0.04091718984291289,-0.028895300977799052,-0.014975018501093871,0.012732867586357714,-0.030373797498885198,-0.02046058710257689,-0.021963017370859626,0.00714246849054511,-0.007895740471011416
2018-11-30,0.0185493131145662,0.0018530362234439046,0.031151036874948673,0.0388189938749352,0.01867096880590361,0.026165661276003647,0.020703312108151708,0.02552188962628452,0.01798322499669219,0.024007339339251102,0.010034034872189715,0.014284926859777641,0.03242527177532652,0.04374951550047295,0.029123031719263275,0.0432926716778897,0.03670837537353008,0.049200738261822946,0.047176958919453095,0.06627039720540402,0.05047919897551635,0.06672724102798727,-0.005272571103295449
2019-01-03,-0.10888416199230322,0.0021277435327233807,-0.06113778838489673,-0.07306707022065426,0.029549149538521193,0.03122207860134342,0.03718390541512692,0.03754483530437233,-0.022273453869038482,-0.03507723693120478,-0.0122512009565909,-0.01790585154486908,-0.04395659801263685,-0.06798735589959828,-0.04580207143165755,-0.06465090672591814,-0.00819771483343387,-0.027758612322994942,-0.02105121693865285,-0.03680619542128785,-0.019205743519632144,-0.040142644594968,-0.003499053338579288
2019-02-04,0.11363177263044633,0.0020428049680349947,0.06685182415218748,0.12793867137611917,-0.0022335577886406282,0.023824469205959948,-0.007807487622753406,0.01594970371370784,0.05568579109840591,0.12013315624556263,0.03724259581892678,0.07969241939285472,0.10237011350531952,0.22293030396500071,0.11937544113767425,0.2608748530507674,-0.007534786303184511,0.058072954252244645,-0.02826207122622853,0.039418584504913236,-0.04526739885858323,0.0014740354191465415,-0.006144500601197395
2019-03-06,0.019745356607886677,0.00189891516566143,0.023879136895889545,0.027059898820077113,0.006551967024912064,0.011904810375013885,0.006646386644899033,0.010840839760321328,0.012461946393504683,0.023953420102493652,0.00907746758943344,0.01855081636223529,0.021027758083017736,0.04138483535453509,0.02582742324490146,0.057405252487574304,0.0128618207832489,0.03369924730769383,0.039339141936110676,0.07012216419694768,0.034539476774226946,0.05410174706390847,0.006861493946107112
2019-04-04,0.04007874320148397,0.0018899899340625304,0.030761737575383752,0.012599619487007559,0.005701800667147181,-0.004472059586868592,0.002892082437801603,-0.008838576772671018,0.010251178804101426,-0.00651512972858977,-5.059749242436134e-05,-0.007501913104560528,0.01787482284339294,-0.013934826734883823,-0.004578634820893815,-0.029416353528014312,-0.015741685697479153,-0.03979367945863158,-0.041868604108979746,-0.05810094528808041,-0.019415146444692992,-0.04261941849494992,0.003692860108871031
2019-05-06,0.019639303885166548,0.002055678350961987,0.00235369000092803,-0.009308104445879865,0.0013070853683568875,-0.0037706219565373836,-0.010634483995997486,-0.019299007520437957,-0.01071580499893326,-0.010548584967509322,-0.007711068645034743,-0.0035560143787564547,-0.021697997846893427,-0.021460704698688476,-0.030500144969027105,-0.01664996408143279,-0.029722233136770068,-0.02763319338320898,-0.02642702388168037,-0.013516794014242998,-0.017624876759546687,-0.01832753463149868,0.00084213253644584
2019-06-05,-0.033672675966525345,0.001921443532862277,-0.04653663534892754,-0.05149382800260056,-0.0251858151551145,-0.03667201400221234,-0.019163431293848288,-0.031941539391829664,-0.014026173196042074,-0.017396216064860408,-0.0057950430770266174,-0.007098454645396077,-0.028380539421819076,-0.0346902473897234,-0.023800178500100726,-0.028144883727998924,-0.006292480066912177,-0.01891306213621847,-0.009443166291247609,-0.017889875007389557,-0.014023527212965965,-0.02443523866911403,-0.01695051162691625
2019-07-05,0.059908149621345164,0.0018586717264825747,0.07030280604882526,0.10359639702648696,0.018157535445711734,0.04871749170732008,0.015100521370343909,0.04514691913162436,0.03316587057397213,0.05642956358790817,0.01259265737877406,0.02662028826931033,0.06126541858021939,0.10526274287338452,0.0376386239007875,0.08439739353590839,-0.013849895604034176,0.025728880795939563,-0.05784767460618694,-0.016705746059711632,-0.034220879926755064,0.004159603277764508,0.013537504701661419
2019-08-05,-0.04905142707414578,0.0018191352351599743,-0.03599254489396852,-0.04223999453506882,0.006456686616783654,-0.0049986956992010174,0.008870177158747704,-0.002985112738942119,-0.022166128465520202,-0.02792993403996026,-0.011660810163176414,-0.01133348329198577,-0.04369341365875846,-0.054474326935433845,-0.04311401609262798,-0.04202292652199251,-0.022165563631537686,-0.035637458161615676,-0.029615865599595965,-0.03021204484058948,-0.030195263165726436,-0.04266344525403082,0.0013645807456213882
2019-09-04,0.03600818764855562,0.0015909960434998816,0.014721248397922215,-0.02756003455755334,-0.012916145193078467,-0.058362870037469795,-0.01235878951712114,-0.058508649317602884,0.005276180010475156,-0.01686010935981706,-0.0038306028841830642,-0.011068165855462046,0.008782278569377445,-0.03220090215543389,-0.01648100038210993,-0.0406062102863732,-0.008476870721576924,-0.051925644202238885,-0.0013349850256934765,-0.02329647845046867,0.0239282939257939,-0.014891170319529363,-0.01028335266114275
2019-10-03,-0.007750040620473464,0.001500450012332566,-0.014996342934517133,-0.0013508695758642035,-0.008882150030591165,0.006261834497419351,-0.009096015845979778,0.006516233208852271,-0.021871625306770167,-0.03163817552141923,-0.009783797578324451,-0.014996869013354496,-0.041141575008251635,-0.05784370872859236,-0.03611370862319083,-0.053490613406624296,-0.018498008877450837,-0.027652287220857958,-0.020793518441175083,-0.03306369316393664,-0.0258213848262359,-0.03741678848590471,0.007879157556152577
2019-11-01,0.05412887038773917,0.001312845499289672,0.02078561095845649,0.017802538370909886,-0.005070281193171581,-0.024928889663415846,-0.01764818479431259,-0.03541348651753961,0.0033986376814373175,-0.002452086215776728,-0.0021504666104634456,-0.0034931608956473093,0.006823500903244406,-0.0027349132829862077,-0.010231528199887364,-0.0147071758171669,-0.03913827883462718,-0.06637430061234685,-0.055950138787612486,-0.07800986740017092,-0.03889510968448071,-0.06603760486599021,-0.004625970308759556
2019-12-03,0.01113827461902539,0.0012931811668090987,0.0206422617656408,0.03915552981927882,0.020235918009762398,0.04059312758326926,0.012104683888793889,0.030048780083975452,0.003045217250848243,0.004958315543698514,-0.012141386587139692,-0.01848524599731743,0.0031331189820876146,0.004882356894354626,-0.04348871134635352,-0.06463490938027931,0.004232490232352206,0.006055019561303526,-0.031756692642336125,-0.05212075609599407,0.014865137686105019,0.017396510178639857,0.011530866373901005
2020-01-03,0.046665335195649416,0.0012971439146538533,0.1127073475565205,0.10232705338169684,0.07312117583936123,0.062061743459411366,0.07202451086230223,0.06164421668747856,0.07792544613562936,0.06428389114296928,0.04397122317289066,0.022963070037378266,0.14622812210833078,0.11974420849507096,0.1435440747754432,0.07351689765706872,0.09486504992404651,0.06838113631078672,0.08432853913836483,0.014301362019990308,0.08701258647125237,0.06052867285799257,0.028183289444705592
2020-02-04,0.020625945687664293,0.0012828006276348614,0.04243261737238395,-0.0038706112090490428,0.04166050062041463,0.0016092899545289002,0.030367362057921534,-0.010451659562392185,0.03984204491711851,-0.0009643953322771308,0.042298348580546555,0.0001798173054405721,0.07326826224823996,-0.0029612732963071233,0.1380012938040072,-0.002393810446346108,0.06602935580497454,-0.006909767719906423,0.14208590981896274,-0.00016583807455217072,0.07735287826319552,-0.0007333009245131859,0.017299446011470685
2020-03-05,-0.08083655642864718,0.0012552743112907994,-0.08497912832625426,-0.12953194622479972,-0.01748283395305469,-0.0544330533581866,-0.012364167668531637,-0.056916985567077076,-0.02146840586785202,-0.02378930798030141,-0.007569362572647142,-0.01001279605305689,-0.040981464613500634,-0.046775897470390626,-0.028160181968502333,-0.03630496023653481,-0.012110656472230173,-0.017905089329120154,-0.008704216112341512,-0.016848994380373992,-0.021525498757339816,-0.027319931614229808,-0.004613697158829741
2020-04-03,-0.17460342383827954,0.00047144999951953537,-0.18943383883476653,-0.3723706318032007,-0.0758268804705283,-0.18147416660170912,-0.08268808260055599,-0.1976957579654016,-0.04071535068047608,-0.07304481373604016,-0.018282247889019037,-0.03130376874008911,-0.07603927725219022,-0.13581579281364767,-0.062040876295609025,-0.10544594579917595,-0.03151082306935721,-0.06295104960537548,-0.029110827832282957,-0.051560411950096925,-0.04310922878886414,-0.08193025896456861,-0.039052892971892926
2020-05-05,0.15310809009487536,5.0835865103016076e-05,0.18875518622146148,0.37636616218800906,0.10089931480622415,0.2174917548583582,0.10350115609381014,0.22290890795823678,0.11088739392138673,0.23157252869846845,0.0281395949683304,0.06095236638720593,0.19017651707860436,0.39824568411143424,0.09368003287586096,0.20305593760544607,0.080613101967533,0.20103153691150583,-0.016292763877303815,0.005104903449749478,0.0802037203254396,0.20029464995573767,0.06136464697905424
2020-06-04,0.08794883292421951,9.036535152540104e-05,0.14550198951679955,0.26267164684581407,0.0748807597053231,0.1675488926975678,0.07685651473803744,0.17441317927311994,0.09504577391760784,0.1739318955857274,0.04846225097155026,0.09059160183369212,0.17390067731797434,0.3169779544585669,0.16132998408494162,0.3017611536254144,0.09043321678129194,0.2096626480542609,0.08337388661085571,0.20153188544444683,0.09594457984388843,0.21674868627759927,0.07091127508630786
2020-07-06,0.02275569575569536,0.00012266141114269935,0.030782403082926346,-0.012563800922906135,0.03353272144273509,-0.004381984919284467,0.014147433834082778,-0.03047838319089154,0.019632066340629646,-0.0196839154825238,0.018010530853139455,-0.004751959931671014,0.03689071138172099,-0.0365459989397748,0.05974889288446518,-0.01612607639823636,0.03869074053966268,-0.03460750600045298,0.08399438372221589,0.009984452196264426,0.061136202219471726,-0.010435470345274013,0.024002644135497853
2020-08-04,0.04103432974303112,0.00010163876819535567,0.012639885268902702,0.005422690752523181,-0.02488656262246931,-0.03582089471128807,-0.024100284486506873,-0.03591000022231258,-0.02501532783499442,-0.03826990361208409,-0.02086258320029547,-0.02806433207074901,-0.046226657433646075,-0.07095140200740238,-0.06977910112677406,-0.09378493069495253,-0.0733350061421702,-0.10144829430449201,-0.062046941508918124,-0.08508625112486459,-0.03849449781579012,-0.06225272243731444,-0.017442469070417174
2020-09-02,0.08374228401973682,7.147724774236863e-05,0.06998774096287473,0.06982373979276338,0.0072863457312737695,0.0057657971283387194,-0.0047418650566759014,-0.014247066979231084,0.033859182117077356,0.03154130225385196,0.01615248341723556,0.009989469543779059,0.062359587308547876,0.057672321482037305,0.05367483114605305,0.033131451567864734,-0.045827495107942345,-0.0640381462365142,-0.08763640598364608,-0.1258436902030468,-0.07895164982115127,-0.10130282028887422,0.024464761327268658
2020-10-02,-0.06296766749332872,8.215408799405743e-05,-0.04514656545938042,-0.03945532389707761,0.007469427420607716,0.008592596490225089,0.007061619191721895,0.009272315110617884,-0.030209600181416645,-0.02016742351661055,-0.015963771819549527,-0.010193197708329,-0.05621191907903311,-0.03862353339281725,-0.05340426560381785,-0.03416901856641613,-0.021116234068439987,-0.008541517669451713,-0.028353249970797703,-0.012696719452398848,-0.03116090344601296,-0.017151234278799964,-0.008231751039057227
2020-11-02,-0.010903224086345698,7.216372112495151e-05,-0.012388769322839851,0.006387897538928729,-0.01596270026173806,-0.0028859428009703402,-0.005338510784526087,0.014613199166961457,-0.0198853254154282,-0.015121040752553374,-0.014176957428267273,-0.017302125590677273,-0.038245824500380984,-0.029290848423466742,-0.047424906776849116,-0.057842133984882436,-0.003729288302629313,0.010978443807243542,-0.022456718473811896,-0.028712580964672337,-0.013277636197343767,-0.00016129540325665527,-0.016776181410974603
2020-12-02,0.11081113742978776,6.819320523554495e-05,0.1761967753877477,0.20169237065373297,0.08669893315333115,0.09186262751356926,0.09592687122557107,0.09054942642918078,0.1328345157650806,0.14303192680102786,0.0951530697345069,0.09636215502370005,0.24842632511405707,0.2659521576853071,0.3170177816361401,0.3210480659334505,0.1444739562646439,0.1220181085091966,0.20775345865940822,0.16975900335028327,0.1391620021373252,0.1146630951021399,0.013615725329628542
2021-01-04,0.009738731439027593,6.778510380156533e-05,0.017711795333799032,-0.004071636270763617,0.015383521923184627,-0.004584799997232902,0.009319340054444002,-0.010785600494247635,-0.0038103339852037102,-0.013390269142048836,-0.008333079570235533,-0.010336154476037286,-0.00870720850525744,-0.026211272172532,-0.027935097142988766,-0.034612013495661294,0.0074757813940481465,-0.013264880253087533,-0.005447433409063127,-0.016621882508520786,0.0137804552286682,-0.008221141185391493,0.004879785373681038
2021-02-03,0.0354129095418656,5.587298070164337e-05,0.04994709752402213,0.0011520719879206667,0.023942906144298594,-0.017665294932840647,0.02213606908756126,-0.01871294832383709,0.018330191175081143,-0.01545430649433198,0.004943055802060878,-0.00859951677851304,0.03409632383179561,-0.02934009265861292,0.016346482385232383,-0.028795426216680655,0.016366396515522377,-0.04200432645595095,0.029296858998538525,-0.01954515720717627,0.04704670044510176,-0.020089823649108534,0.00792785860384504
2021-03-05,0.004661867692831612,3.287067823354306e-05,0.04742352087082226,0.10191727318692764,0.017411528686029062,0.07003620817016794,0.04267391257925743,0.09744705361839603,0.0289921865235304,0.06981785541195734,0.01916595318706687,0.04139089843578529,0.05431158379424689,0.13015944510203165,0.06380981237434456,0.13789296320340597,0.08623647134421403,0.160206398090236,0.09260026940978228,0.16498986394264145,0.08310204082968459,0.15725634584126713,0.022263286393340163
2021-04-06,0.06209107328581642,2.4544811110915887e-05,0.03709865877323641,0.06834288137562722,-0.016125519101530747,0.008447551413197658,-0.014956781622351513,0.019757803673078497,0.022232533752381607,0.04203829357033698,0.010064011138236732,0.02172894971865411,0.04302222235040329,0.08118595367456435,0.03348943256819692,0.07237256116958815,-0.02265351928886234,0.019888594811249785,-0.037218935263499446,0.006378084526671542,-0.027686145481293074,0.015191477031647756,-0.005486522706752751
2021-05-05,0.023712428192399493,1.1916985213300535e-05,0.016719778196872703,0.0030163536935400425,-0.0017236182023920076,-0.005481268461343383,0.001991688014703363,-0.0023393154636124442,0.006075799415105653,-0.0033115225386653705,0.0009757570785286332,-0.0027694123733784715,0.01193029293676678,-0.00621038170535897,0.00322471729626444,-0.009259180876759279,0.002620055991774142,-0.00959592241262902,0.006670001674740609,-0.008006350193677035,0.015375577315242951,-0.004957551022276727,0.0021745809508506627
2021-06-04,0.016476413439270754,6.575101394235006e-06,0.0252387428786888,0.0057712430491419185,0.015229222983359538,0.0027168194445728933,0.01492939722776426,0.0020223900851693596,0.013607815535107558,0.00030628150486930347,0.0059135955996284404,-0.0024661235712270823,0.026010329174658137,0.0004928771208466471,0.01969664342884158,-0.00823575380734349,0.026731695276154255,0.0007551920668452364,0.0338142439297117,-0.003102080897936178,0.040127929675528244,0.00562655003025396,-0.00599539281877636
2021-07-06,0.02779518046635543,1.3149784892529937e-05,-0.001800170916718549,0.016092698604307017,-0.012101309558858289,0.0031390726235072997,-0.01902252299983477,0.009830025119537483,0.0027469820261543884,0.010339544581610073,0.00586500014781643,0.005076555071813001,0.005703827713502252,0.020151808834304872,0.019519317661305532,0.01689116740796076,-0.011594581098160644,0.013861478357336547,0.004909100959105937,0.011578361334433636,-0.008906388988697342,0.014839002760777745,-0.021145132354080692
2021-08-04,0.013974682258005577,3.177497155149034e-05,0.009112922652151863,0.009564807324669158,0.00256363331797119,0.0027331629322911557,-0.0012458437213983117,0.0031901818640228978,-6.573572929562391e-05,0.0009901212786033642,-0.0014031137457916304,-0.002242369093130284,0.00039844690721383785,0.0019194066768065067,-0.00475118741959225,-0.00754870524405442,-0.0012766033770058474,0.0008886065019020848,0.00716588108483899,-0.00021512462594289183,0.012315515411645071,0.009252987294918037,0.008348405824959385
2021-09-02,0.03237048157352107,3.574602284350803e-05,0.022636425655227697,0.008827960386092681,0.0017497443757992063,-0.004334240108057306,0.0008132686214426555,-0.005720810969764012,0.006356757504343164,-0.003290313568385341,0.003694566753151592,-0.0015239490010892334,0.01265867461467863,-0.006322484219044869,0.012231815123870414,-0.005163237390265623,-0.009448362790178348,-0.021060509155616185,-0.005155117703050159,-0.016754525941546004,-0.004728258212241943,-0.01791377277032525,-0.0039422825363365065
2021-10-04,-0.05114132111732983,3.5062095199211996e-05,-0.010594038730400872,0.02375811600323356,0.018049174682321076,0.04319427880986462,0.03171961394670666,0.05760903814491958,-0.004438944998842362,0.003777758517840459,-0.008383347028324805,-0.006124254644604582,-0.008671661313370138,0.007271423706629042,-0.02802630164988083,-0.02049599370414678,0.011837927453103038,0.023679094719807583,-0.014699313048265931,-0.009834402822854865,0.00465532728824476,0.01793301458792096,-0.004973204160033032
2021-11-02,0.07759430723525296,2.2243709477232088e-05,0.050044129579099046,0.0556347088888529,-0.004593949638386359,-0.011371211715813819,-0.014932590025714062,-0.022337354636922824,0.024322669063331928,0.030766650533600906,0.005375922389838392,0.013910622406010494,0.04674998885411155,0.05952073859847667,0.01786783931068107,0.04631683936458806,-0.04264475106784476,-0.0477529493078709,-0.09099936667021977,-0.08432380781249292,-0.06211721712678927,-0.07111990857860433,-0.00903218690802643
2021-12-02,-0.00974244063194718,3.6978667110831864e-05,-0.028429809331592313,-0.02285253010334022,-0.010521722859540466,-0.005353654849040436,-0.020092547732429644,-0.01555742620407288,-0.018146810555388932,-0.021449524363906677,-0.007099897621136497,-0.009979303261748337,-0.03503599098531255,-0.04175443695646248,-0.023752608960380228,-0.033350627762419725,-0.011412525973363029,-0.021083905071006655,-0.008152123857249666,-0.01970020329718047,-0.019435505882181976,-0.028104012491223233,-0.009985093666316891
2022-01-03,0.048072132666856504,3.769123883090586e-05,0.04975029753296855,0.06923006691429219,0.009274355142246773,0.013729822404781853,0.014769867612727836,0.020795625486266598,0.018095693915406965,0.026799364405969903,-0.0018087954205391655,0.0017568502550748312,0.0343166300293041,0.050797103177503695,-0.006117264292402656,0.005768221292977365,0.0008991276821227637,0.004526715312175695,-0.02162197076152138,-0.0156998338181101,0.018811923560185365,0.029329048066416216,0.00996235206037667
2022-02-02,-0.04261978020302626,4.3551051882584346e-05,-0.018072192962397378,0.006596394602336828,-0.015129976717211249,-0.0011331237171425179,0.012451324055036787,0.030076023077286185,-0.017634353764530274,-0.004836195946839579,-0.009703087218820804,-0.0037205002433764642,-0.03394228758534249,-0.009498356094496068,-0.032445243183795366,-0.012503286598980933,-0.013839884701970034,0.0059650307388673645,-0.01905069732252445,-0.0021997897826186827,-0.02054774172407157,0.0008051407218661815,-0.00023686188300875086
2022-03-04,-0.055056467661549924,0.00015192585858492258,-0.017392664693316143,-0.037875417515153185,-0.0023137785370372973,-0.0005516302603693331,0.013056442817869884,0.01084315450274446,-0.01397259257019898,-0.02950112390672519,-0.009739164611193936,-0.017274065490531693,-0.026590860650381395,-0.05587785758981926,-0.03281837570734459,-0.05793471197180376,-0.007572128777811614,-0.025447886593707614,-0.019714905299313787,-0.03696915931895448,-0.013487390242350593,-0.03491230493696998,-0.009224579170443132
2022-04-04,0.06027510154100968,0.0002586803176702901,0.0617873362772921,0.10819339558347923,0.02163679329270737,0.052124852028043726,0.014796786436917009,0.04777697436013984,0.020655440327392055,0.053435900001004615,0.0025989112338168437,0.015382898631768662,0.03769731737495078,0.09780762482938951,0.008059450038158784,0.050672741364664826,-0.007996464860972854,0.039058476240344815,-0.011465747745180213,0.025568915643228978,0.018172119591611798,0.07270379910795366,0.018548528265056208
2022-05-04,-0.06072676242268138,0.00044110378165407305,-0.027381973916825477,-0.01122438150204551,0.0014402121367849592,0.02714804747810913,0.019881922019879865,0.03603951443465984,-0.008688568127238493,-0.007961491752518566,-0.007035639849770056,-0.007842191105910112,-0.01683132399925523,-0.015413275605643912,-0.024481374989759677,-0.027169879176893202,0.008614270352712047,0.010032318746323357,-0.007133565379088594,-0.00982206956622213,0.0005164856114158387,0.001934534005027153,-0.014552469941041497
2022-06-03,-0.04316417465291833,0.0006820541699483762,-0.023893492408797772,-0.04428051725394252,-0.015927938400516276,-0.019669817049286283,0.007484339518828185,-0.0008342884310758102,-0.02418451936428997,-0.03454653257467718,-0.01295098895263606,-0.016917181473696363,-0.046174370098949695,-0.06545143955896306,-0.04476142290533309,-0.05798206464220076,-0.010631844215080925,-0.01623871141206782,-0.019289412785608983,-0.022713127553351992,-0.020702359979225586,-0.030182502470114288,-0.009049290191494391
2022-07-06,-0.0624408340856305,0.0010209053542531432,-0.04660874481220192,-0.04124592532232547,-0.004412013536096995,0.011873736339254466,-0.008071015154495246,0.014808954179793325,-0.025348662571490797,-0.039326841139056525,-0.013811560111999278,-0.021852740712930824,-0.04853724701468989,-0.07476719478000733,-0.04842064619992156,-0.07522458153636005,-0.017753348144760393,-0.02999061460556445,-0.026349645211467973,-0.04312130737133664,-0.026466246026236283,-0.042663920614983926,-0.0021695416310856877
2022-08-04,0.08067849563782126,0.0014496807016084468,0.10138902396473164,0.2099099327944818,0.0661213256462448,0.14071312116667076,0.05715079344461341,0.130281117858269,0.06902866967227454,0.14159183933229846,0.03869909774017514,0.07816245695328078,0.12663512839894142,0.2612778778559822,0.12561440416349745,0.2571589348738496,0.07261587234631608,0.16404321696125668,0.07366312051095007,0.16364662429926427,0.07468384474639399,0.1677655672813969,0.038658166998326846
2022-09-02,-0.05294930405511922,0.0018689995838201412,-0.012744389003462926,-0.011679487045635447,0.00402139440697122,0.01993526492720434,0.026557719180215492,0.04273881659330391,-0.008288766778917791,-0.015013371961205443,-0.004149101538555601,-0.005760577950668373,-0.017330163582716954,-0.029766239262529463,-0.0181913374907657,-0.023562925531141626,0.013931547312881478,0.013519206592914524,0.003651966594443498,0.006681649356071117,0.004513140502492238,0.0004783356246832691,0.004530092945459011
2022-10-04,-0.032422333560513494,0.002441085292892886,-0.007641644000350278,-0.005532857731801837,0.015677058036839116,0.029572300852483604,0.0172486029493321,0.028930561121604543,-0.02199125049524155,-0.034878561428602836,-0.012388257115736198,-0.020550267951851536,-0.043308528230903504,-0.06745269252662006,-0.046990056069204034,-0.07419675885625515,-0.005511263576126115,-0.015118018389235996,-0.020063207782474394,-0.03691343045924487,-0.01638167994417385,-0.030169364129609775,0.00408624295532472
2022-11-02,-0.00820175603825768,0.0025944811167062376,0.031217695971457928,0.051907525941355566,0.030389545462512976,0.05360950467820009,0.03699338327977122,0.06230376309631949,0.010760829525561075,0.014986724068924158,0.002079721549427443,0.0016483652673683243,0.01769287989763426,0.02536193120459716,0.0008786158924435658,-0.0005592383810868524,0.050455718264254996,0.08433504026451448,0.02443267593434634,0.04183806969433815,0.04124693993953704,0.06775923928002217,0.014936446724747095
2022-12-02,0.08546974396683371,0.003248641033504862,0.08975171767081801,0.1361740788302238,0.02703037986715111,0.05117694917440394,0.030080921107858278,0.053552975896894964,0.059252959696963474,0.09160204583197908,0.030948615606442978,0.04260814358059104,0.10749833325285102,0.1678028509867468,0.09558188960996514,0.13444698285712534,0.031789507347656364,0.06297524588724651,0.015715144253856592,0.023862258517898093,0.027631587896742464,0.0572181266475196,0.024543395185782683
2023-01-04,-0.052561493231348844,0.003733576276742978,-0.034447525236982385,-0.057884015270846634,-0.0030827465420512515,-0.018845931476363795,0.002815854435078822,-0.020620635598785426,-0.021195994711113393,-0.02302139562899573,-0.008962360310402772,-0.010025329326946796,-0.04278413406619727,-0.04613065480574311,-0.038586212347076175,-0.042129442402222925,-0.01598503838910855,-0.019331559128654377,-0.02033239109376114,-0.02387562114890789,-0.024530312812882246,-0.02787683355242807,-0.009268409726430928
2023-02-03,0.07449963207443822,0.0035454063323956397,0.06650819200236133,0.14060347011742635,0.03940240808401453,0.08692496142711535,0.022902831826668666,0.06924924437538382,0.050121621139393606,0.10481933320261308,0.033284207652683945,0.06653870500001724,0.08813303943143093,0.18790127557797073,0.10267474406668996,0.21352306855780095,0.033302487823878464,0.09817855476561217,0.04457820711680273,0.11845600809434911,0.03003650248154369,0.0928342151145189,0.0188770264155009
2023-03-07,-0.03414566735488633,0.0038858387208662304,-0.003332673642890021,0.001983161650307393,0.016249927040954158,0.015728232231555492,0.019664357847847654,0.022889553914614374,-0.01023476225064536,-0.000469286252551821,-0.0063636066643664784,-0.0009068494737467491,-0.022178311216175608,-0.004232858971519674,-0.03027897922990947,-0.012089788594510377,0.0007971832766879514,0.016653954203810835,-0.014851432963003616,0.0019352534663131195,-0.006750764949269763,0.009792183089303817,0.0024164347822322493
2023-04-05,0.027332024451912185,0.003766179916721235,0.013223898627750419,0.0230185833619808,-0.012860135690723366,-0.005799664557303884,-0.00941051009992993,-0.0009472611732101424,-0.0017690357528603194,0.0033503968340493706,-0.0025324259801767206,0.00024092380652341894,-0.0066633105086859505,0.002847153941609476,-0.01722917307293862,-0.007984673783938146,-0.014415170094276761,-0.00536069738431021,0.010105910207170644,0.02095835557147167,0.02067177277142332,0.03179018329701929,-0.007644409455656919
2023-05-05,0.01234070811061816,0.003786054724835619,-0.01865152881712349,-0.014816161930908869,-0.018699045460549908,-0.01225034243972008,-0.024621297740978525,-0.023770815316691413,-0.015047996641330275,-0.01213755563977887,-0.006091585786648493,-0.006675873091836756,-0.031104683282369483,-0.025879201664322216,-0.029139413646778085,-0.031087037997405618,-0.019637601915351903,-0.008678579613795858,-0.011057543866005638,-0.003964233326246951,-0.013022813501597032,0.0012436030068364544,-0.01556556189974087
2023-06-06,0.03732155912934032,0.004353715478291553,0.02426184067270238,0.019002142076180784,0.015208986475709313,0.008050975628222132,-0.0016909266114466695,-0.014365701574867983,0.014946414074265982,0.002399354666536925,0.00927166336894702,-0.00756598559391728,0.02406420801198997,0.0007370842277162784,0.020746875113809782,-0.035378621429071194,-0.0029541645184612574,-0.03400082331143531,0.0017664626283858135,-0.059782008910330586,0.005083795526566012,-0.0236663032535431,-0.015422567120191109
2023-07-07,0.02838348100037158,0.0042806637713912465,0.031129046177405566,0.010527930105452991,0.010465795684411285,-0.010591341132776686,0.01343256706758643,-0.011252351875862857,0.010039396342377518,-0.006536749233468805,0.005277399198798021,-0.002106913023328602,0.01500471950325736,-0.015838541239174712,0.007603115196080488,-0.01701125887767492,-0.0017679518773564403,-0.03648182909223786,-0.001446236811951226,-0.0281489228875601,0.005955367495225648,-0.026976205249059897,0.004008895253271182
2023-08-07,0.02772797135784466,0.0043252642010287445,0.02493486206360896,0.034114348283623336,0.0035375228720932114,0.016125158556011446,0.00509927276626236,0.01824587684574606,0.016788183838373008,0.029188849507918724,0.010297573305950453,0.018227842199440934,0.027701002396852567,0.05070898834416341,0.02423296121743444,0.05066719086240269,0.011421442072130554,0.037685340084385795,0.023426785657833564,0.05002225041472198,0.026894826837251695,0.0500640478964827,0.004555322928013238
2023-09-06,-0.009962051174161823,0.004222310538927854,-0.033792953885050665,-0.011827994035511281,-0.016838905181920577,0.00334120581529569,-0.02383758153670813,-0.005701611051915868,-0.015292723418544037,-0.0022679022532151654,-0.006563989097795815,-0.00022234715937189227,-0.03154790774087168,-0.007719718840168782,-0.03173202158348434,-0.010593215122071275,-0.008664008548657879,0.0063626806627320185,-0.01701592103579351,-0.0015371532465692243,-0.016831807193180847,0.0013363430353332687,-0.011163786221703494
2023-10-05,-0.04531988335335824,0.0041115906249504786,-0.044637549422323404,-0.03237846561943821,-0.007339983582815497,-0.004759564798694436,-0.009225929326878225,-0.005138757853711145,-0.011964206043908503,-0.0036390883824605094,-0.0036137941863079257,0.0006150892801082543,-0.02564066249937018,-0.010205426442339675,-0.02163969207924418,-0.00754341385785692,-0.004440755403921306,0.0061021944003133,-0.008270358898746338,0.0027406885886798816,-0.012271329318872332,7.867600419712465e-05,-0.005833345828926199
2023-11-03,0.02400459371551622,0.0041305290853663745,0.04315686226378177,0.07332022262254684,0.027910852239989223,0.0499919114997025,0.02738814532922078,0.053046157992396994,0.02699239516624527,0.04470227793071863,0.014710929308193918,0.027218335615023587,0.046488389573005245,0.07948328925703484,0.039398529828124834,0.08108988418422375,0.041788011034314385,0.07343994542157516,0.059060428719010086,0.10636946847250478,0.0661502884638905,0.10476287354531588,0.01657511167851362
2023-12-05,0.05040370559021934,0.004498573833096486,0.033146353320724985,0.03496738055872396,0.0032759637427549953,0.0032502582494429075,-0.008013763796717557,-0.0010477219190382575,0.01947152982887779,0.028926859524171226,0.010360449448152452,0.018791864241049495,0.032206758958802255,0.04973498691895048,0.024038159216616336,0.05214287519293981,-0.020865990448537344,0.0032963311875283275,-0.04110237604017028,-0.004855093156748476,-0.03293377629798436,-0.007262981430737804,0.005912995924776909
2024-01-05,0.028946884025067066,0.00434958296256327,0.02876435073118148,0.029031775077209294,0.008645697684194842,0.0179272367737226,0.01071074440826207,0.017921863493874274,0.012317854277582828,0.017980346729943805,0.0046522373999181915,0.009558973027761368,0.019144366188374277,0.02974429361077973,0.00535843108707971,0.021714216513223635,0.0015155557830940824,0.018895794899838073,-0.00564797988436295,0.014941040530797383,0.008137955216931616,0.02297111762835348,-0.006956555338559704
2024-02-06,0.05569336923209356,0.0044709586506541665,0.02036624704025259,-0.000495104963689393,0.009664907944650398,-0.003182151538090005,-0.011180781648404818,-0.011966751759564817,0.014243322029882889,0.003147936052211264,0.011308839356202034,0.002019795055347711,0.02260888306180472,0.0020320542144534027,0.027263894335813707,-0.0036995866670339974,-0.020936038245150897,-0.01380246262443955,-0.03343192809357137,-0.02577079482317403,-0.038086939367580355,-0.02003915394168663,0.007400893566561182
2024-03-07,0.04216771999463553,0.0041932924515413195,0.08316347032609843,0.015219609114694554,0.05356244045269229,-0.00507409819002215,0.057580518630702286,0.002428133266996484,0.060202597912760024,0.00265680159760486,0.04327315358692034,0.0006212046967949441,0.10809824947616514,0.0013326301623869602,0.13445949623613812,-0.007713666730946589,0.07519384720433446,-0.015119570973528389,0.0913259974824327,-0.029280416107799287,0.06496475072245975,-0.020234119214465742,0.033062942649399275
2024-04-08,0.01072560492687269,0.0044776542802529296,0.029764454885609817,0.032751102142886866,0.01751321754821534,0.026883789669404135,0.025332487787863307,0.030535118594013606,0.014256281780749086,0.02149294547283763,0.011464637246827857,0.012602820825286971,0.022703463990413335,0.03615249220584414,0.027767597502169363,0.03156154276369972,0.02700821762948996,0.03830486902538245,0.03810181162882029,0.03672864982702519,0.033037678117064255,0.0413195992691696,0.009776851252586097
2024-05-07,-0.0030458009455271995,0.00405323315182593,0.008243785765090519,0.007162814514390246,0.007132925421751448,-6.384966374344918e-05,0.01270980849665927,0.009395825880174622,-0.006438998740605319,5.867965848400319e-05,-0.008668715361747934,-0.0006949013343204568,-0.01541627666434827,-0.0033642713099313773,-0.03835326189342028,-0.011773881801995357,0.006137331130839011,0.0074125325876622655,-0.024421328386177988,-0.004807915048374208,-0.0014843431571059777,0.0036016954436897722,-0.0013019937001002256
2024-06-06,0.03387828798619563,0.004208978975948963,0.013826857124694225,0.0032554973961272443,0.007558255259713129,-0.0016057551272698123,-0.007889866049372814,-0.010108639941760164,0.002675339617560493,0.007000703181592474,0.000298558087995023,0.00960344964321775,0.0013756728475117798,0.009375910835825193,-0.008825757317230867,0.022190547866844854,-0.021775714262808298,-0.004871096616679473,-0.028302662177431794,0.010204760260567361,-0.018101232012689143,-0.0026098767704522993,0.0045161592750291085
2024-07-09,0.04293059255878817,0.004622218959490221,0.005955113678535141,-0.007134827893842208,0.001421741001797796,-0.008442181063330738,-0.01985046872099683,-0.02003761909360819,-0.0027875358562687216,-0.003993377727728663,-0.003689241235369892,0.0009768042607829432,-0.009166481684955412,-0.011290394962348429,-0.023082648356710138,-0.007529163369534018,-0.04278451251544434,-0.028099410377592886,-0.06708762047500272,-0.029531649428680307,-0.053171453803247976,-0.03329288102149472,0.0003889931258673487
2024-08-07,-0.06685612066457203,0.004054749314883255,-0.04912502424870708,-0.0009352773412164438,-0.03331907318142372,0.0008569127770685189,0.001799492958677287,0.030402887094097015,-0.015133285326753244,0.00694735541456019,-0.004133600939060567,0.008538209489815374,-0.03149615212653907,0.0089770920349618,-0.02323975153159613,0.018999616564656978,-0.012755671270009957,0.020509695638979714,-0.011816324290087228,0.02602941794404707,-0.020072724885030164,0.016006893414351894,-0.03841773133396635
2024-09-06,0.041838281699277946,0.004081053797714951,0.0195794527835289,0.01335168124235495,-0.007647622509845122,-0.012706715504777352,-0.014338083128971545,-0.020565854670145496,-0.004281328658004258,-0.009239296173327093,-0.009375101650779207,-0.011594810449874924,-0.0113891492142101,-0.020518852266617038,-0.04077279769726558,-0.04817182702758462,-0.033799501420568326,-0.04292920447297527,-0.017751042141046128,-0.02515007147136518,0.011632606342009353,0.0025029032896024123,-0.008405090643091329
2024-10-07,0.05400416409048048,0.004077664500834466,0.09513968014307922,0.05978184386265969,0.05632431476147827,0.033282588705969215,0.05879276377277934,0.0374145107117059,0.0668069472906197,0.04223923781703779,0.04258646800449904,0.02963368461577625,0.12034132332839431,0.0747271206733495,0.13244034284638304,0.08926439821730699,0.077932796690877,0.04862956581949269,0.09303729083415033,0.06501636620977919,0.08093827131616166,0.050479088665821695,0.010992951956123799
2024-11-05,0.015674596912149896,0.003522426674898771,0.020987477918956512,-0.008917165527599654,0.02523734312877476,-0.0013680585188780262,0.01122467884553896,-0.015890593437183614,0.00648798724741972,-0.0027251196970189623,0.0077921529839445,0.0037658766811521907,0.008903933121078476,-0.008065813120006279,0.01775484770505115,0.004333926695743462,0.018481057547398743,-0.0012250099583489495,0.03973237841346394,0.020032162916038317,0.03088146382949127,0.007632423100288576,0.015530897864635688
2024-12-05,0.05195082638534121,0.003563575891376347,0.02333790475449952,-0.01626793319386672,-4.5136773215296975e-05,-0.02875504253276727,-0.014607734518584263,-0.04337196124606943,0.008206233162115918,-0.011963584829573092,0.002094034736776803,-0.005474789728698181,0.012332162943552704,-0.025390398862262655,-0.001334894623955449,-0.02656430950887205,-0.03191574163643455,-0.05699604499082497,-0.043147640776448566,-0.056430556760652846,-0.02948058320894041,-0.05525664611404345,0.0004877817160193667
2025-01-07,-0.02645452051734809,0.003839762028707172,-0.013038595412276132,-0.009015877652094698,0.02525053522249461,0.02026740011162483,0.010212513234655739,0.007592057095713782,-0.014463032060259793,-0.007940181845180245,-0.00838717889553544,-0.004173115610223908,-0.030185904050420456,-0.01813783905478989,-0.03691670771876822,-0.022869830101063096,-0.011625331130850096,-0.004880286969382491,-0.025734331042370814,-0.014882418189350667,-0.019003527374023055,-0.010150427143077461,0.0038485525497490795
2025-02-07,0.020624105745841614,0.003502813068584132,0.0153816453354238,0.02290847145757286,-0.007827620272609949,-0.0031750134636822375,-0.0011662421930971572,0.00538717878031538,0.005694188409032993,0.00514155542994862,0.0022751657005152487,0.002940793121169898,0.007703234350043232,0.006531587914818712,-0.0005893448249788716,0.0016294132438699636,0.00483904328035775,0.0034989150175046696,0.021490405959895185,0.02500797289844249,0.02978298513491729,0.02991014756939124,-0.006687228544647216
2025-03-11,-0.07465434350905431,0.003637118678490703,-0.04200052694470858,0.013081972288519495,-0.005842648335315987,0.03982874181087684,0.02723632833310921,0.07366422065661006,0.00014647164664570173,0.028834354809566,0.00682304693090969,0.026463579771267925,-0.0027807055946267767,0.050591887092561544,0.014256879519887312,0.0797253223210814,0.024910478166881897,0.07482167288388164,0.03221431518208048,0.09543807852550043,0.0151767300675664,0.06630464329698056,-0.020395821004752856
2025-04-09,-0.010162656234886991,0.0032703354132199713,-0.027631868311978794,0.016915961435468623,-0.002654206733579906,0.039090111217479045,-0.01677104193855633,0.027052732717329584,-0.01966528577323183,-0.012499225629710677,-0.014004423487711384,-0.016617605536589933,-0.03970140190925835,-0.026368281827473212,-0.05431219425655121,-0.06302280108614636,0.004472227524238394,0.014860438977123755,-0.02305972847506517,-0.03385383302342604,-0.008448936127772321,0.0028006862352470915,-0.015998864434193204
2025-05-09,0.028653718353607305,0.0034094117017953174,0.03321931163090581,0.0630292115600163,0.018420801152365256,0.033432190602935195,0.020397158304999812,0.03738490490820431,0.011959129239392748,0.020508846776990178,-0.00011769486960161985,-0.003644801440998557,0.01877220872018733,0.03413500573857934,-0.008347610202861126,-0.02010463210751757,0.01643616457745983,0.029462917453124342,0.008786176383995845,0.014162941066196373,0.0359059953070443,0.06840257891229329,0.020229554147480698
2025-06-10,0.06864671975941805,0.0036261433413629085,0.04536493448040896,0.04840580373841921,0.004187556437246042,0.009262096067998537,-0.012786689002306725,-0.009745819744296471,0.016509462832293882,0.016680024447319124,-0.005938953248091036,-0.0017385368823425317,0.027621593852633006,0.028066003581432315,-0.02825751195681693,-0.014256124070988592,-0.04646733227659431,-0.046022922547795,-0.1097905202799766,-0.09578913239414827,-0.05391141447052667,-0.05346700474172736,0.008385350882024451
2025-07-11,0.03711547311582253,0.003541247000526715,0.05693374191865849,0.038981885674149314,0.032092980745226915,0.015370909293906788,0.02484697280976801,0.008782573571664141,0.02682727936356378,0.016809141696898865,0.007091782480190289,-0.0003574155008710871,0.047010170182482124,0.02821550627565309,0.01537636526607193,-0.00945429467079931,0.012309306443980535,-0.0044441301841131025,-0.013772476571739245,-0.036888498753445124,0.01786132834467093,0.0007813021930072667,0.019307959361434233
2025-08-11,0.01972344715302632,0.0035306179001717286,0.0211441803642302,0.023852924840695455,0.019014616533278617,0.016563494529687403,0.010082294195660473,0.018321981756410595,0.015377445892437006,0.01784039600858872,0.009815407859949233,0.011637338740398748,0.02571258186113677,0.03026637730587393,0.024479917766096735,0.03055302070092845,0.022682577401979962,0.028751375076295525,0.038272752333150965,0.03744943798445557,0.03950541642819101,0.03716279458940105,0.01960018956990339
2025-09-10,0.025616467727863856,0.0033421289317261405,0.0313841209833874,0.032282360268566186,0.015765770094638844,0.016781813429082432,0.015008209630621265,0.01968550538182301,0.012246398086773105,0.012691586744491322,0.006989509860997707,0.001321843843661527,0.020011912986924577,0.020611105199749902,0.015500065362631345,-0.003392154695155908,0.008707210848024439,0.011915180477519022,0.02078002856273984,0.0006693554587737,0.025291876187033067,0.024672615353679515,0.007586429096177084
2025-10-09,0.03190801065209703,0.003067365720031967,0.0033875806598750507,-0.004599963621695001,-0.002428599824719998,-0.00486885093426055,-0.01610618262816833,-0.017595805813723917,-0.001709768446691913,-0.0027906838839576223,-0.0016890061759656625,-0.0003828692735383041,-0.005899264754472975,-0.007933139502145815,-0.01278720726662679,-0.008433417591868912,-0.0261990368046932,-0.0214663208689593,-0.02945177596634382,-0.019543130058346934,-0.02256383345419001,-0.019042851968623837,-0.009566534936439913
2025-11-07,-0.0002831164428515054,0.0030083002081640053,-0.01377137154991258,-0.021231169837356154,-0.00497042132171696,-0.01219245199633674,-0.011683126190845822,-0.019946095770238148,-0.018388401809521962,-0.010159576021511272,-0.008351919249399513,-0.0042238497115309,-0.03679293865255655,-0.021727267792381193,-0.03485909798371436,-0.021098866190819004,-0.013948289122230843,-0.007669021927565378,-0.019929420513165298,-0.01191137236278881,-0.021863261182007477,-0.012539773964351,-0.0005599058429820048
2025-12-09,0.01798887000502769,0.0032386745633505853,0.026509837220004644,0.005018985399874578,0.020314660749114685,0.00018533359060937362,0.01220131930286515,-0.008447854992727292,0.0032558338601635143,-0.007770826113235329,-0.0021694106726037124,-0.006828464345282013,0.0034104461638176375,-0.017369304018340564,-0.014788276223163754,-0.03031845513209144,0.007922095250517172,-0.013123046054388061,0.009819681753333068,-0.007158024095388547,0.028018404140314465,0.005791127018362333,0.006019467185377806
2026-01-09,0.019151098136834355,0.003034609547025946,0.050503710519666206,0.04134565122755619,0.01820759073488418,0.01304281909999353,0.037657552727593004,0.030334658834350586,0.03128614558154473,0.02081116181917471,0.020175106022683756,0.00646769488262315,0.05612769848712613,0.03636345487154148,0.06016959779921866,0.01447822733234996,0.053712098167257145,0.034292940311653766,0.07684248036485658,0.028769269531468165,0.07280058105276405,0.05065449707065968,0.02189698157500641
2026-02-10,-0.0028094978593099507,0.003031612728297217,0.053057725873645066,0.02408962575073069,0.03417807359689249,0.020568119637496867,0.056080565088982376,0.025298761436865616,0.032029002459512436,0.019068188348419127,0.012829302578167712,0.013847708313201307,0.05752493498009148,0.03323463151301074,0.03569057889453216,0.03908526467797748,0.07313913024393263,0.039480309618547205,0.0456642138806081,0.04307471867240785,0.0674985699661674,0.037224085507441114,0.00617816763176629
2026-03-12,-0.0376525199056863,0.0029031605459948207,-0.020141195323193632,-0.03588819220895397,-0.000408421661732321,-0.01696073345895687,0.008860129447464955,-0.018041223119317915,-0.010639429326415331,-0.014445752099938872,-0.005709692958985467,-0.004680317620695011,-0.022540127848266433,-0.02970981629107451,-0.025806351137272792,-0.022375100009637945,0.002143770808579954,-0.014519724809938274,-0.009372146214794258,-0.012261743134266541,-0.006105922925787901,-0.019596459415703107,-0.01390528319770177
2026-04-13,0.032900538605344476,0.0031097374874264894,-0.0029848553403467406,0.01383187126626669,-0.014208108569465258,-0.00037818957658349066,-0.028143856271945062,-0.00964986293655841,-0.017073214346152787,-0.008439772530557695,-0.01326643034421248,-0.01200370074809362,-0.03471389051340711,-0.018611722408612648,-0.051477488618036735,-0.047268389964307204,-0.04318608543803005,-0.02651910433826073,-0.02091525511355983,-0.018743638693462093,-0.004151657008930211,0.009913028862232462,-0.003388680270305067
2026-05-12,0.07590740426645937,0.0028162511002440827,0.004395159871309988,-0.0356905564958372,-0.02202543253183321,-0.06179790706313507,-0.06501315145233778,-0.10101602597691745,-0.0021144946973981516,-0.026435713745710274,-0.004485735182918887,-0.013714917810527166,-0.0061408403409348705,-0.05168240737284218,-0.021523703176965777,-0.0522876452689934,-0.10644371020876589,-0.14608510842491845,-0.16135994852355776,-0.18389822912460937,-0.14597708568752685,-0.18329299122845813,0.0015270606706741362
2026-06-11,-0.0005689173667053904,0.002913504540527967,0.04601419221392524,0.0521576748162724,0.048482809769526264,0.056452716159654144,0.04875412279813269,0.05455511407745389,0.020592945766400063,0.0255905094171104,0.009240966533272586,0.01634306869209383,0.03526169367330164,0.04558701999823638,0.02400504451634332,0.04767871837908077,0.06554819585945372,0.07208770941111947,0.044154735127282185,0.06530969766365229,0.0554113842842405,0.06321799928280789,0.020047653500481547
2026-07-14,0.021696604907680772,0.0032228291925779917,-0.03620559749430874,-0.021128459446937458,-0.041270567541285705,-0.024225195414218623,-0.05193374392356105,-0.03371097659033931,-0.020878181537069062,-0.016736952009027677,-0.010739361951881427,-0.007667289749888218,-0.04199936366322346,-0.03433989677321488,-0.04331780795562008,-0.033077567282309386,-0.04381238045083763,-0.03579031020330622,-0.021547471597403774,-0.015661298195736337,-0.02022902730500715,-0.016923627686641834,-0.017360727514435223
2026-08-12,0.027479535862180215,0.002890816845644073,0.011131024126354824,0.03297466194420257,-0.004878341476102169,0.022764515375138142,-0.005528121884669271,0.024645088938690527,-0.00021697658716087305,0.018489057105899473,-0.004259955813598494,0.006041328411715106,-0.002316184970067344,0.03219439727796722,-0.020945092018497827,0.013392522065880852,-0.014859850589969827,0.025922564468015982,-0.019264858995055013,0.014232638577602257,-0.0006359519466245252,0.03303451378968863,-0.017337997433445294
2026-09-11,-0.010615023613627539,0.0029962136374637183,-0.009440205862916575,-0.009020984415301673,0.0037887236940069994,-0.00012255419756717253,-0.001366671987249697,-0.006085153915059171,-0.010631404525870532,-0.00317620593016784,-0.006509459289864484,0.0003080520706878846,-0.022535563768180222,-0.008605071275707766,-0.028689362786963615,-0.005964324918455733,-0.004733394782747318,-0.002131555281004891,-0.01724886635764899,-0.00180414439870496,-0.011095067338865597,-0.004444890755956993,-0.0157169806852537
