exit,G1,G2,G3,G4,Momentum L/S,MeanRev L/S,All 4 combined,Longs only (G1+G3),Book 18L/18S,Long book,Short book,SPY,EW_universe
2018,-0.02157904954825063,-0.03682522176101144,0.05446811545057062,-0.10490235735245224,-0.025371140280538662,-0.02613705316707171,-0.024548910124363332,0.01911339389354616,-0.027704044644325743,-0.009460789322658036,-0.048446361942198646,-0.04392887285429592,-0.01507360864470031
2019,0.09772445655053685,-0.3005234847628421,0.20801007625780876,-0.1843586202448959,-0.11876875544560761,0.0003347800602919726,-0.05817055412610572,0.1605772545008568,-0.008546185585826316,0.17170328968716264,-0.16607169465094684,0.2564858655254709,0.25459777727561517
2020,0.613977806859751,-0.21642475642191583,0.8817767205805078,-0.1749676130021134,0.17805716979650454,0.35071826264386763,0.28146188962745655,0.7769029209926392,0.2572565123328794,0.5595632145666525,-0.04685876778744846,0.17256215726713053,0.21268202085316923
2021,0.29978776278883634,-0.33517154088652445,0.623803942778216,-0.2632075226889635,-0.05936134466137699,0.10397899973454194,0.02280514083906815,0.46308722088226784,0.011702380025631731,0.3137350108396224,-0.22774215394186725,0.31633364849587897,0.3226220817638239
2022,-0.08702189399436377,-0.06415040276901207,0.20283741322934,-0.100842593197073,-0.044577802235895914,0.06071576665803513,0.010002114726486377,0.061075542108041336,0.025727894338410717,0.019516099957348487,0.014261199635462463,-0.15479366897844804,0.004524158616155072
2023,0.0954658714187453,-0.25696071988221303,0.07976917678690887,-0.044888138517004794,-0.08538706244188055,0.02383028054883174,-0.028415523860022218,0.09212296128440833,-0.012078752121660985,0.10103574265143322,-0.12232394671698599,0.20652608536795158,0.16592249593067532
2024,0.5887571857795122,-0.219012396742299,0.11079587429583326,-0.2794649509795716,0.1295055125943798,-0.09641633858370036,0.012065420293970508,0.3333510794081078,0.038433612810139905,0.2908027184221358,-0.1737634317062582,0.27617905686135247,0.23558279493396594
2025,0.15391277857237395,-0.20587076400742677,0.5007926861552221,-0.036041772821957085,-0.03553169621785435,0.2104282570481366,0.08431459993373691,0.32133981033578585,0.053506830252452176,0.21266334786291607,-0.09181396752232918,0.16014715445503946,0.1775148590520521
2026,0.03451924616953961,-0.04068600277505219,0.505997921984769,-0.03263330397373421,0.001306222698307602,0.22173299717278017,0.11199994567849436,0.2639155749612787,0.06300138809441824,0.17085193143305366,-0.03949211068324121,0.14315692926963286,0.13819608513760318
